{"type":"FeatureCollection", "features": [
{"type":"Feature","geometry":{"type":"Polygon","coordinates":[[[77.209,28.857],[77.145,28.838],[77.14,28.862],[77.083,28.883],[77.04,28.832],[76.994,28.84],[76.951,28.818],[76.948,28.712],[76.968,28.699],[76.925,28.65],[76.942,28.627],[76.889,28.632],[76.865,28.586],[76.839,28.583],[76.846,28.55],[76.885,28.501],[77.01,28.515],[77.009,28.54],[77.094,28.514],[77.12,28.495],[77.128,28.443],[77.174,28.405],[77.242,28.428],[77.244,28.479],[77.291,28.497],[77.315,28.484],[77.346,28.516],[77.293,28.576],[77.342,28.608],[77.316,28.641],[77.331,28.713],[77.291,28.706],[77.207,28.787],[77.202,28.814],[77.224,28.822],[77.209,28.857]]]},"properties":{"name":"Delhi","cartodb_id":9,"created_at":"2015-07-02T08:55:51Z","updated_at":"2015-07-02T08:55:51Z"}},
{"type":"Feature","geometry":{"type":"Polygon","coordinates":[[[83.323,24.101],[83.426,24.084],[83.447,24.042],[83.507,24.028],[83.543,23.898],[83.576,23.885],[83.561,23.863],[83.695,23.821],[83.729,23.755],[83.715,23.683],[83.775,23.6],[83.935,23.563],[83.938,23.622],[84.007,23.632],[84.023,23.544],[83.97,23.456],[83.967,23.374],[84.007,23.353],[84.043,23.374],[84.07,23.33],[84.033,23.138],[84.129,23.081],[84.148,22.964],[84.19,23.024],[84.217,22.977],[84.271,22.989],[84.279,22.961],[84.371,22.975],[84.389,22.939],[84.37,22.865],[84.33,22.86],[84.285,22.763],[84.225,22.735],[84.221,22.669],[84.15,22.634],[84.08,22.637],[84.005,22.57],[84.003,22.521],[84.135,22.471],[84.153,22.401],[84.194,22.372],[84.247,22.374],[84.289,22.337],[84.426,22.349],[84.478,22.384],[84.477,22.406],[84.527,22.42],[84.744,22.415],[84.753,22.442],[84.808,22.447],[84.833,22.427],[84.876,22.443],[84.894,22.418],[84.952,22.453],[84.954,22.439],[85.062,22.478],[85.074,22.349],[85.115,22.291],[85.07,22.272],[85.024,22.112],[84.98,22.085],[85.044,22.111],[85.095,22.1],[85.119,22.067],[85.156,22.071],[85.171,22.048],[85.173,22.068],[85.211,22.043],[85.231,22],[85.3,22.107],[85.358,22.12],[85.363,22.155],[85.394,22.159],[85.54,22.087],[85.591,22.074],[85.644,22.09],[85.672,22.051],[85.723,22.058],[85.802,22.111],[85.831,22.077],[85.788,22.077],[85.761,21.99],[85.905,21.967],[85.912,22.005],[85.942,22.019],[86,22.109],[86.027,22.185],[85.97,22.243],[86.043,22.306],[86.008,22.31],[86.02,22.329],[85.993,22.338],[86.021,22.382],[86.009,22.424],[85.954,22.456],[85.981,22.51],[86.022,22.521],[86.038,22.564],[86.107,22.485],[86.28,22.445],[86.353,22.345],[86.433,22.302],[86.438,22.324],[86.5,22.341],[86.532,22.298],[86.578,22.298],[86.591,22.275],[86.646,22.262],[86.651,22.233],[86.723,22.215],[86.767,22.211],[86.78,22.232],[86.776,22.214],[86.8,22.214],[86.81,22.238],[86.793,22.239],[86.79,22.263],[86.8,22.241],[86.812,22.264],[86.816,22.25],[86.886,22.252],[86.886,22.294],[86.829,22.324],[86.844,22.396],[86.764,22.423],[86.748,22.479],[86.789,22.474],[86.799,22.499],[86.756,22.574],[86.652,22.576],[86.618,22.673],[86.539,22.721],[86.507,22.701],[86.416,22.777],[86.433,22.861],[86.463,22.897],[86.433,22.923],[86.47,22.949],[86.484,22.934],[86.518,22.944],[86.54,22.987],[86.512,22.966],[86.497,22.99],[86.416,22.995],[86.393,22.974],[86.298,23.013],[86.206,22.994],[86.154,23.037],[86.138,23.08],[86.048,23.109],[86.037,23.144],[85.921,23.126],[85.858,23.194],[85.831,23.195],[85.826,23.263],[85.878,23.324],[85.866,23.365],[85.896,23.371],[85.859,23.451],[85.878,23.476],[85.944,23.455],[86.047,23.493],[86.011,23.552],[86.047,23.584],[86.145,23.568],[86.145,23.473],[86.221,23.456],[86.239,23.47],[86.225,23.435],[86.243,23.419],[86.278,23.441],[86.3,23.42],[86.314,23.428],[86.3,23.444],[86.372,23.483],[86.354,23.497],[86.358,23.543],[86.381,23.584],[86.44,23.609],[86.44,23.629],[86.528,23.629],[86.592,23.671],[86.694,23.695],[86.736,23.679],[86.796,23.694],[86.82,23.761],[86.793,23.832],[86.821,23.811],[86.871,23.844],[86.882,23.815],[86.875,23.862],[86.895,23.88],[86.937,23.845],[86.967,23.865],[87.124,23.795],[87.166,23.819],[87.13,23.851],[87.136,23.868],[87.196,23.854],[87.189,23.841],[87.236,23.853],[87.218,23.831],[87.243,23.826],[87.248,23.907],[87.271,23.873],[87.292,23.89],[87.292,23.939],[87.262,23.966],[87.261,24.003],[87.241,24.006],[87.238,24.041],[87.332,24.031],[87.328,23.996],[87.357,24.009],[87.458,23.981],[87.434,24.008],[87.483,24.013],[87.511,24.04],[87.491,24.052],[87.494,24.115],[87.576,24.085],[87.569,24.107],[87.608,24.129],[87.569,24.156],[87.689,24.15],[87.693,24.186],[87.638,24.212],[87.636,24.243],[87.681,24.246],[87.71,24.292],[87.756,24.303],[87.81,24.406],[87.785,24.414],[87.823,24.494],[87.807,24.511],[87.795,24.491],[87.806,24.545],[87.769,24.582],[87.848,24.551],[87.905,24.584],[87.908,24.608],[87.873,24.611],[87.902,24.612],[87.885,24.627],[87.913,24.658],[87.887,24.674],[87.904,24.715],[87.818,24.766],[87.833,24.788],[87.85,24.761],[87.878,24.801],[87.867,24.821],[87.899,24.824],[87.889,24.853],[87.974,24.897],[87.97,24.924],[87.864,25.04],[87.776,25.091],[87.788,25.22],[87.783,25.246],[87.708,25.257],[87.684,25.31],[87.6,25.315],[87.58,25.348],[87.548,25.331],[87.54,25.282],[87.482,25.295],[87.496,25.262],[87.473,25.241],[87.472,25.195],[87.392,25.228],[87.37,25.205],[87.323,25.223],[87.291,25.089],[87.251,25.106],[87.211,25.09],[87.144,25.018],[87.151,24.858],[87.115,24.856],[87.078,24.822],[87.097,24.802],[87.05,24.607],[86.93,24.643],[86.898,24.587],[86.911,24.539],[86.876,24.567],[86.855,24.55],[86.8,24.565],[86.806,24.595],[86.777,24.62],[86.751,24.618],[86.731,24.576],[86.669,24.561],[86.609,24.608],[86.547,24.535],[86.506,24.517],[86.489,24.425],[86.466,24.422],[86.452,24.369],[86.351,24.444],[86.279,24.462],[86.313,24.509],[86.304,24.558],[86.323,24.584],[86.264,24.576],[86.218,24.612],[86.195,24.585],[86.133,24.604],[86.124,24.705],[86.086,24.746],[86.039,24.741],[86.051,24.78],[85.966,24.732],[85.928,24.74],[85.864,24.806],[85.811,24.794],[85.737,24.823],[85.697,24.713],[85.649,24.687],[85.665,24.582],[85.577,24.603],[85.568,24.565],[85.537,24.565],[85.518,24.525],[85.495,24.55],[85.288,24.528],[85.282,24.497],[85.153,24.464],[85.169,24.43],[85.092,24.381],[85.066,24.387],[85.076,24.44],[85.058,24.417],[84.991,24.412],[84.948,24.372],[84.898,24.372],[84.88,24.463],[84.835,24.452],[84.833,24.512],[84.795,24.53],[84.679,24.456],[84.658,24.394],[84.572,24.412],[84.566,24.384],[84.521,24.376],[84.525,24.34],[84.493,24.287],[84.455,24.339],[84.417,24.331],[84.422,24.359],[84.382,24.39],[84.336,24.396],[84.315,24.423],[84.331,24.431],[84.293,24.451],[84.294,24.481],[84.327,24.503],[84.293,24.566],[84.269,24.564],[84.28,24.552],[84.257,24.531],[84.235,24.553],[84.218,24.535],[84.188,24.555],[84.179,24.51],[84.146,24.54],[84.11,24.481],[84.047,24.612],[83.992,24.638],[83.933,24.552],[83.868,24.533],[83.717,24.505],[83.498,24.527],[83.393,24.501],[83.381,24.455],[83.4,24.409],[83.43,24.404],[83.451,24.365],[83.376,24.315],[83.402,24.266],[83.323,24.101]]]},"properties":{"name":"Jharkhand","cartodb_id":15,"created_at":"2015-07-02T08:55:51Z","updated_at":"2015-07-02T08:55:51Z"}},
{"type":"Feature","geometry":{"type":"MultiPolygon","coordinates":[[[[73.873,14.753],[74.324,13.822],[74.518,12.995],[74.641,12.659],[74.863,12.763],[75.01,12.793],[74.983,12.739],[75.026,12.729],[75.016,12.716],[75.053,12.719],[75.046,12.667],[75.086,12.675],[75.088,12.7],[75.122,12.676],[75.153,12.682],[75.143,12.634],[75.159,12.617],[75.202,12.625],[75.223,12.563],[75.277,12.612],[75.328,12.585],[75.316,12.569],[75.283,12.576],[75.271,12.554],[75.281,12.518],[75.335,12.49],[75.337,12.46],[75.386,12.496],[75.412,12.492],[75.416,12.464],[75.37,12.459],[75.367,12.412],[75.423,12.372],[75.43,12.3],[75.486,12.291],[75.58,12.156],[75.639,12.147],[75.666,12.096],[75.705,12.106],[75.73,12.073],[75.798,12.08],[75.83,11.984],[75.869,11.952],[76.005,11.931],[76.12,11.983],[76.108,11.851],[76.184,11.864],[76.219,11.799],[76.272,11.803],[76.335,11.731],[76.408,11.754],[76.419,11.717],[76.396,11.701],[76.424,11.659],[76.451,11.655],[76.504,11.698],[76.54,11.671],[76.56,11.61],[76.746,11.61],[76.817,11.597],[76.837,11.575],[76.851,11.602],[76.829,11.644],[76.9,11.783],[76.96,11.765],[76.973,11.801],[77.004,11.803],[77.032,11.784],[77.022,11.765],[77.057,11.777],[77.072,11.725],[77.109,11.713],[77.103,11.763],[77.227,11.784],[77.242,11.803],[77.285,11.799],[77.326,11.759],[77.359,11.779],[77.419,11.751],[77.456,11.839],[77.453,11.889],[77.477,11.876],[77.484,11.932],[77.573,11.924],[77.675,11.952],[77.723,12.056],[77.778,12.11],[77.723,12.182],[77.472,12.207],[77.482,12.233],[77.46,12.249],[77.543,12.284],[77.606,12.36],[77.62,12.408],[77.625,12.477],[77.575,12.468],[77.606,12.5],[77.578,12.507],[77.57,12.558],[77.598,12.621],[77.59,12.658],[77.654,12.674],[77.668,12.65],[77.696,12.651],[77.704,12.674],[77.731,12.664],[77.753,12.725],[77.783,12.739],[77.771,12.76],[77.81,12.796],[77.799,12.852],[77.924,12.878],[77.934,12.856],[77.911,12.819],[77.933,12.813],[77.945,12.849],[77.982,12.796],[78.002,12.795],[78.015,12.846],[78.047,12.842],[78.121,12.77],[78.221,12.753],[78.241,12.848],[78.303,12.847],[78.345,12.928],[78.379,12.895],[78.436,12.901],[78.454,12.853],[78.456,12.893],[78.421,12.923],[78.423,12.968],[78.458,12.963],[78.452,13.031],[78.505,13.053],[78.502,13.082],[78.528,13.097],[78.509,13.12],[78.569,13.157],[78.541,13.187],[78.569,13.204],[78.577,13.293],[78.556,13.299],[78.517,13.266],[78.472,13.308],[78.436,13.299],[78.424,13.319],[78.391,13.304],[78.367,13.32],[78.397,13.332],[78.355,13.355],[78.391,13.578],[78.228,13.587],[78.183,13.556],[78.194,13.616],[78.16,13.623],[78.156,13.649],[78.081,13.635],[78.058,13.667],[78.063,13.686],[78.106,13.684],[78.11,13.71],[78.085,13.733],[78.118,13.777],[78.106,13.853],[78.041,13.887],[78.038,13.853],[77.985,13.862],[77.966,13.82],[77.945,13.82],[77.942,13.88],[77.978,13.893],[77.978,13.947],[77.961,13.95],[77.912,13.897],[77.887,13.931],[77.818,13.935],[77.806,13.909],[77.828,13.86],[77.776,13.836],[77.779,13.813],[77.713,13.79],[77.71,13.745],[77.668,13.761],[77.67,13.778],[77.61,13.755],[77.628,13.73],[77.596,13.744],[77.556,13.716],[77.519,13.744],[77.512,13.686],[77.487,13.707],[77.483,13.68],[77.45,13.676],[77.457,13.797],[77.409,13.799],[77.424,13.835],[77.359,13.846],[77.32,13.826],[77.307,13.857],[77.251,13.84],[77.234,13.895],[77.211,13.861],[77.205,13.881],[77.179,13.86],[77.177,13.918],[77.156,13.9],[77.163,13.857],[77.124,13.849],[77.162,13.821],[77.167,13.755],[77.095,13.761],[77.06,13.739],[77.026,13.771],[77.011,13.733],[76.993,13.743],[76.968,13.815],[77.006,13.85],[77.017,13.893],[77.041,13.898],[77.036,13.926],[76.931,14.023],[76.938,14.048],[76.971,14.052],[76.972,14.076],[76.927,14.127],[76.883,14.131],[76.898,14.165],[76.943,14.172],[76.948,14.196],[77.025,14.177],[77.008,14.098],[77.024,14.053],[77.121,14.042],[77.155,13.991],[77.172,14.009],[77.243,14.006],[77.272,14.028],[77.279,14.007],[77.313,14.025],[77.354,13.982],[77.348,13.897],[77.391,13.898],[77.392,13.88],[77.426,13.902],[77.408,13.936],[77.434,13.944],[77.435,13.97],[77.376,13.969],[77.383,14.007],[77.326,14.023],[77.395,14.104],[77.39,14.119],[77.345,14.096],[77.348,14.125],[77.377,14.129],[77.41,14.17],[77.5,14.151],[77.496,14.272],[77.455,14.272],[77.442,14.31],[77.386,14.325],[77.375,14.295],[77.416,14.212],[77.384,14.192],[77.355,14.23],[77.359,14.269],[77.28,14.276],[77.281,14.331],[77.232,14.311],[77.16,14.336],[77.132,14.331],[77.112,14.287],[77.105,14.213],[77.075,14.209],[77.05,14.24],[76.943,14.244],[76.93,14.277],[76.956,14.293],[76.884,14.351],[76.888,14.395],[76.918,14.418],[76.946,14.404],[76.948,14.45],[76.978,14.483],[76.875,14.473],[76.832,14.528],[76.804,14.532],[76.766,14.601],[76.798,14.735],[76.78,14.779],[76.834,14.785],[76.849,14.804],[76.844,14.886],[76.86,14.891],[76.866,14.938],[76.864,14.964],[76.828,14.951],[76.764,14.97],[76.79,15.016],[76.779,15.071],[76.8,15.095],[76.877,15.029],[76.982,15.01],[77.001,15.029],[77.047,15.029],[77.041,15.005],[77.079,15],[77.148,15.108],[77.158,15.141],[77.136,15.149],[77.169,15.175],[77.146,15.224],[77.125,15.227],[77.168,15.265],[77.152,15.291],[77.121,15.294],[77.114,15.333],[77.062,15.328],[77.027,15.441],[76.975,15.495],[76.974,15.508],[77.027,15.504],[77.035,15.638],[77.087,15.657],[77.122,15.629],[77.131,15.664],[77.082,15.695],[77.082,15.726],[77.053,15.729],[77.07,15.8],[77.065,15.828],[77.028,15.836],[77.033,15.853],[77.077,15.91],[77.182,15.954],[77.248,15.964],[77.512,15.928],[77.491,16.031],[77.509,16.103],[77.486,16.116],[77.484,16.158],[77.511,16.223],[77.489,16.224],[77.488,16.25],[77.501,16.268],[77.534,16.263],[77.565,16.297],[77.59,16.287],[77.592,16.338],[77.553,16.335],[77.495,16.376],[77.349,16.383],[77.288,16.408],[77.235,16.471],[77.294,16.475],[77.299,16.494],[77.375,16.488],[77.375,16.509],[77.421,16.521],[77.4,16.57],[77.461,16.583],[77.467,16.602],[77.454,16.616],[77.47,16.649],[77.444,16.636],[77.419,16.658],[77.467,16.675],[77.476,16.717],[77.438,16.711],[77.428,16.728],[77.443,16.787],[77.479,16.786],[77.453,16.909],[77.481,16.994],[77.504,17.009],[77.464,17.108],[77.364,17.16],[77.402,17.213],[77.38,17.22],[77.419,17.232],[77.454,17.276],[77.439,17.29],[77.452,17.371],[77.482,17.355],[77.528,17.364],[77.539,17.404],[77.515,17.43],[77.617,17.445],[77.617,17.472],[77.646,17.475],[77.658,17.502],[77.659,17.48],[77.691,17.474],[77.69,17.51],[77.598,17.534],[77.596,17.563],[77.554,17.55],[77.528,17.573],[77.508,17.542],[77.495,17.567],[77.44,17.587],[77.451,17.691],[77.565,17.748],[77.542,17.777],[77.505,17.785],[77.511,17.8],[77.527,17.825],[77.552,17.817],[77.573,17.87],[77.599,17.871],[77.584,17.903],[77.619,17.904],[77.624,17.959],[77.649,17.948],[77.656,17.968],[77.648,17.999],[77.554,18.035],[77.548,18.063],[77.602,18.104],[77.597,18.156],[77.564,18.198],[77.603,18.278],[77.552,18.292],[77.515,18.31],[77.51,18.281],[77.463,18.262],[77.438,18.311],[77.363,18.31],[77.414,18.39],[77.372,18.402],[77.355,18.449],[77.333,18.421],[77.315,18.442],[77.241,18.411],[77.246,18.37],[77.197,18.315],[77.206,18.28],[77.173,18.282],[77.151,18.217],[77.098,18.197],[77.112,18.157],[77.065,18.151],[77.04,18.18],[77.003,18.16],[76.993,18.19],[76.953,18.189],[76.919,18.124],[76.968,18.098],[76.945,18.083],[76.949,18.039],[76.917,18.036],[76.909,18.011],[76.92,17.915],[76.809,17.871],[76.741,17.898],[76.738,17.857],[76.788,17.826],[76.763,17.787],[76.716,17.782],[76.728,17.737],[76.701,17.727],[76.69,17.681],[76.663,17.688],[76.617,17.77],[76.573,17.702],[76.565,17.765],[76.522,17.758],[76.519,17.718],[76.487,17.714],[76.487,17.662],[76.431,17.649],[76.416,17.604],[76.33,17.597],[76.34,17.543],[76.366,17.522],[76.343,17.494],[76.375,17.494],[76.331,17.469],[76.334,17.432],[76.365,17.43],[76.362,17.375],[76.408,17.369],[76.382,17.312],[76.352,17.31],[76.34,17.346],[76.276,17.33],[76.244,17.375],[76.173,17.349],[76.176,17.297],[76.164,17.344],[76.12,17.37],[76.087,17.334],[76.055,17.356],[75.932,17.322],[75.894,17.354],[75.887,17.417],[75.862,17.386],[75.825,17.423],[75.813,17.371],[75.796,17.369],[75.733,17.421],[75.687,17.412],[75.677,17.457],[75.636,17.478],[75.616,17.392],[75.578,17.383],[75.585,17.35],[75.613,17.342],[75.606,17.303],[75.66,17.261],[75.662,17.208],[75.628,17.189],[75.627,17.163],[75.647,17.115],[75.674,17.114],[75.678,17.063],[75.644,17.037],[75.672,17.036],[75.678,16.964],[75.645,16.951],[75.611,16.97],[75.61,17.003],[75.576,17.008],[75.57,16.964],[75.492,16.943],[75.468,16.985],[75.431,16.963],[75.395,16.976],[75.283,16.955],[75.284,16.88],[75.214,16.842],[75.182,16.844],[75.19,16.874],[75.136,16.875],[75.091,16.951],[75.031,16.927],[74.993,16.951],[74.966,16.949],[74.969,16.929],[74.937,16.943],[74.922,16.929],[74.963,16.908],[74.963,16.879],[74.903,16.862],[74.922,16.771],[74.85,16.772],[74.774,16.75],[74.735,16.718],[74.689,16.715],[74.691,16.677],[74.651,16.635],[74.688,16.609],[74.642,16.611],[74.631,16.578],[74.574,16.552],[74.555,16.56],[74.544,16.634],[74.491,16.63],[74.471,16.663],[74.468,16.606],[74.398,16.582],[74.383,16.527],[74.357,16.558],[74.326,16.555],[74.308,16.501],[74.273,16.547],[74.278,16.503],[74.249,16.496],[74.264,16.477],[74.293,16.503],[74.292,16.46],[74.334,16.453],[74.338,16.401],[74.365,16.403],[74.357,16.366],[74.339,16.391],[74.321,16.38],[74.318,16.326],[74.344,16.292],[74.327,16.269],[74.355,16.282],[74.347,16.293],[74.412,16.282],[74.416,16.258],[74.497,16.232],[74.507,16.189],[74.48,16.145],[74.483,16.088],[74.428,16.112],[74.362,16.054],[74.382,16.034],[74.43,16.059],[74.465,16.042],[74.432,15.953],[74.387,15.903],[74.407,15.854],[74.366,15.893],[74.339,15.854],[74.383,15.848],[74.362,15.816],[74.369,15.786],[74.289,15.74],[74.241,15.744],[74.236,15.785],[74.209,15.78],[74.199,15.755],[74.125,15.72],[74.128,15.68],[74.091,15.672],[74.117,15.653],[74.169,15.653],[74.186,15.682],[74.209,15.65],[74.227,15.668],[74.251,15.656],[74.264,15.611],[74.25,15.567],[74.283,15.527],[74.252,15.493],[74.278,15.449],[74.28,15.389],[74.323,15.368],[74.338,15.29],[74.255,15.256],[74.301,15.224],[74.317,15.183],[74.276,15.098],[74.31,15.034],[74.265,14.991],[74.262,14.951],[74.246,14.959],[74.211,14.918],[74.172,14.952],[74.172,14.907],[74.134,14.918],[74.082,14.899],[73.873,14.753]]],[[[77.269,18.458],[77.29,18.453],[77.301,18.476],[77.269,18.458]]],[[[74.266,15.827],[74.27,15.794],[74.314,15.791],[74.294,15.83],[74.266,15.827]]]]},"properties":{"name":"Karnataka","cartodb_id":16,"created_at":"2015-07-02T08:55:51Z","updated_at":"2015-07-02T08:55:51Z"}},
{"type":"Feature","geometry":{"type":"Polygon","coordinates":[[[74.641,12.659],[74.971,11.945],[75.552,11.043],[75.683,10.559],[75.912,10.046],[76.226,8.957],[76.465,8.593],[76.673,8.343],[76.921,8.096],[77.101,8.312],[77.16,8.313],[77.135,8.379],[77.154,8.377],[77.189,8.435],[77.225,8.446],[77.199,8.506],[77.262,8.505],[77.28,8.539],[77.175,8.737],[77.246,8.813],[77.256,8.878],[77.191,8.927],[77.191,8.965],[77.15,9.01],[77.17,9.047],[77.197,9.047],[77.212,9.101],[77.267,9.154],[77.252,9.189],[77.282,9.217],[77.282,9.298],[77.302,9.337],[77.325,9.337],[77.352,9.445],[77.393,9.46],[77.412,9.511],[77.365,9.535],[77.355,9.604],[77.339,9.574],[77.318,9.603],[77.264,9.574],[77.209,9.614],[77.168,9.615],[77.247,9.799],[77.223,9.823],[77.236,9.859],[77.213,9.875],[77.217,9.898],[77.272,9.964],[77.262,10.03],[77.203,10.089],[77.209,10.118],[77.275,10.131],[77.28,10.207],[77.247,10.221],[77.251,10.254],[77.214,10.306],[77.237,10.352],[77.177,10.358],[77.09,10.314],[77.044,10.284],[77.045,10.256],[76.983,10.221],[76.913,10.234],[76.874,10.297],[76.852,10.282],[76.83,10.306],[76.839,10.36],[76.807,10.415],[76.83,10.585],[76.809,10.594],[76.805,10.626],[76.873,10.63],[76.855,10.675],[76.884,10.707],[76.897,10.771],[76.888,10.8],[76.84,10.808],[76.817,10.862],[76.649,10.924],[76.706,11.031],[76.757,11.025],[76.792,11.043],[76.737,11.047],[76.739,11.121],[76.691,11.145],[76.726,11.206],[76.697,11.231],[76.623,11.186],[76.488,11.203],[76.453,11.18],[76.446,11.23],[76.54,11.292],[76.538,11.352],[76.509,11.347],[76.449,11.382],[76.41,11.434],[76.334,11.459],[76.321,11.445],[76.278,11.474],[76.24,11.46],[76.226,11.564],[76.271,11.593],[76.298,11.564],[76.363,11.589],[76.38,11.622],[76.425,11.623],[76.424,11.659],[76.396,11.701],[76.419,11.717],[76.408,11.754],[76.335,11.731],[76.272,11.803],[76.219,11.799],[76.184,11.864],[76.108,11.851],[76.12,11.983],[76.005,11.931],[75.869,11.952],[75.83,11.984],[75.798,12.08],[75.73,12.073],[75.705,12.106],[75.666,12.096],[75.639,12.147],[75.58,12.156],[75.486,12.291],[75.43,12.3],[75.423,12.372],[75.367,12.412],[75.37,12.459],[75.416,12.464],[75.412,12.492],[75.386,12.496],[75.337,12.46],[75.335,12.49],[75.281,12.518],[75.271,12.554],[75.283,12.576],[75.316,12.569],[75.328,12.585],[75.277,12.612],[75.223,12.563],[75.202,12.625],[75.159,12.617],[75.143,12.634],[75.153,12.682],[75.122,12.676],[75.088,12.7],[75.086,12.675],[75.046,12.667],[75.053,12.719],[75.016,12.716],[75.026,12.729],[74.983,12.739],[75.01,12.793],[74.863,12.763],[74.641,12.659]]]},"properties":{"name":"Kerala","cartodb_id":17,"created_at":"2015-07-02T08:55:51Z","updated_at":"2015-07-02T08:55:51Z"}},
{"type":"Feature","geometry":{"type":"Polygon","coordinates":[[[77.552,18.292],[77.567,18.318],[77.519,18.349],[77.555,18.418],[77.526,18.427],[77.585,18.445],[77.546,18.463],[77.577,18.484],[77.601,18.474],[77.597,18.548],[77.649,18.553],[77.658,18.527],[77.737,18.555],[77.733,18.676],[77.758,18.707],[77.787,18.684],[77.837,18.808],[77.943,18.822],[77.883,18.87],[77.865,18.91],[77.824,18.913],[77.837,18.954],[77.796,18.951],[77.801,18.984],[77.751,18.984],[77.741,19.03],[77.743,19.061],[77.781,19.053],[77.789,19.105],[77.832,19.092],[77.815,19.137],[77.842,19.183],[77.83,19.199],[77.851,19.257],[77.889,19.269],[77.846,19.286],[77.844,19.304],[77.924,19.344],[78.002,19.298],[78.035,19.244],[78.066,19.257],[78.133,19.232],[78.167,19.244],[78.181,19.334],[78.166,19.414],[78.296,19.468],[78.263,19.56],[78.295,19.574],[78.295,19.606],[78.253,19.665],[78.269,19.692],[78.329,19.715],[78.351,19.783],[78.322,19.841],[78.278,19.852],[78.312,19.918],[78.306,19.897],[78.368,19.881],[78.381,19.839],[78.46,19.819],[78.478,19.795],[78.51,19.824],[78.587,19.819],[78.7,19.769],[78.768,19.781],[78.828,19.761],[78.842,19.658],[78.9,19.67],[78.953,19.651],[78.964,19.587],[78.938,19.554],[78.976,19.564],[79.002,19.542],[79.08,19.533],[79.173,19.461],[79.206,19.47],[79.19,19.494],[79.22,19.529],[79.227,19.615],[79.288,19.592],[79.298,19.567],[79.353,19.573],[79.454,19.5],[79.526,19.55],[79.536,19.522],[79.581,19.506],[79.623,19.577],[79.724,19.605],[79.769,19.596],[79.812,19.539],[79.924,19.467],[79.957,19.403],[79.945,19.299],[79.904,19.228],[79.927,19.173],[79.842,19.106],[79.843,19.037],[79.9,19.049],[79.918,19.024],[79.923,18.861],[79.878,18.833],[79.932,18.784],[80.012,18.767],[80.111,18.676],[80.158,18.696],[80.189,18.676],[80.202,18.697],[80.275,18.723],[80.246,18.763],[80.354,18.826],[80.275,18.933],[80.273,18.983],[80.302,19.022],[80.298,19.051],[80.33,19.073],[80.33,19.137],[80.392,19.184],[80.393,19.246],[80.447,19.264],[80.481,19.336],[80.525,19.344],[80.567,19.403],[80.596,19.38],[80.612,19.311],[80.679,19.331],[80.692,19.281],[80.749,19.287],[80.845,19.361],[80.788,19.427],[80.892,19.466],[80.886,19.509],[80.828,19.563],[80.785,19.561],[80.721,19.608],[80.657,19.612],[80.665,19.691],[80.54,19.775],[80.543,19.819],[80.476,19.828],[80.46,19.811],[80.478,19.772],[80.452,19.793],[80.395,19.795],[80.398,19.816],[80.431,19.81],[80.498,19.869],[80.483,19.899],[80.408,19.906],[80.407,19.932],[80.444,19.953],[80.481,19.928],[80.52,19.931],[80.546,19.987],[80.546,20.066],[80.54,20.11],[80.491,20.142],[80.44,20.129],[80.394,20.144],[80.386,20.163],[80.414,20.19],[80.383,20.242],[80.511,20.27],[80.542,20.307],[80.617,20.326],[80.586,20.395],[80.622,20.604],[80.568,20.612],[80.512,20.585],[80.481,20.617],[80.578,20.694],[80.546,20.765],[80.542,20.934],[80.465,20.927],[80.449,20.945],[80.424,21.01],[80.448,21.037],[80.433,21.097],[80.457,21.173],[80.635,21.25],[80.673,21.298],[80.657,21.331],[80.593,21.325],[80.485,21.398],[80.448,21.403],[80.44,21.372],[80.404,21.376],[80.389,21.407],[80.411,21.438],[80.369,21.523],[80.26,21.62],[80.188,21.634],[80.118,21.609],[80.067,21.557],[79.994,21.535],[79.936,21.557],[79.916,21.524],[79.857,21.531],[79.733,21.602],[79.647,21.557],[79.537,21.544],[79.489,21.674],[79.416,21.692],[79.349,21.679],[79.228,21.722],[79.22,21.651],[79.148,21.66],[79.088,21.599],[79.01,21.601],[78.994,21.619],[78.913,21.593],[78.928,21.56],[78.904,21.555],[78.94,21.514],[78.932,21.487],[78.896,21.501],[78.88,21.485],[78.785,21.489],[78.772,21.467],[78.746,21.494],[78.724,21.465],[78.585,21.487],[78.567,21.516],[78.509,21.528],[78.43,21.502],[78.423,21.602],[78.379,21.619],[78.361,21.578],[78.337,21.59],[78.304,21.572],[78.262,21.594],[78.269,21.571],[78.181,21.559],[78.169,21.498],[77.939,21.387],[77.882,21.378],[77.8,21.412],[77.793,21.391],[77.734,21.365],[77.705,21.359],[77.691,21.397],[77.667,21.371],[77.651,21.393],[77.602,21.394],[77.605,21.367],[77.585,21.365],[77.487,21.378],[77.469,21.457],[77.438,21.473],[77.417,21.533],[77.457,21.556],[77.567,21.53],[77.607,21.543],[77.571,21.563],[77.542,21.701],[77.478,21.77],[77.28,21.761],[77.283,21.724],[77.225,21.718],[77.207,21.694],[77.172,21.727],[77.158,21.713],[77.072,21.723],[76.901,21.601],[76.852,21.615],[76.834,21.593],[76.795,21.597],[76.788,21.54],[76.763,21.523],[76.792,21.49],[76.784,21.466],[76.624,21.335],[76.661,21.283],[76.623,21.192],[76.487,21.196],[76.453,21.115],[76.383,21.08],[76.282,21.075],[76.262,21.095],[76.169,21.086],[76.136,21.126],[76.114,21.165],[76.167,21.171],[76.173,21.188],[76.144,21.238],[76.159,21.259],[76.098,21.374],[76.053,21.353],[75.959,21.396],[75.888,21.399],[75.833,21.383],[75.591,21.392],[75.548,21.373],[75.468,21.394],[75.398,21.383],[75.361,21.403],[75.302,21.389],[75.302,21.415],[75.22,21.411],[75.115,21.46],[75.058,21.565],[74.902,21.63],[74.775,21.616],[74.557,21.684],[74.552,21.719],[74.513,21.723],[74.504,21.807],[74.528,21.909],[74.493,21.955],[74.449,21.971],[74.446,22.027],[74.388,22.02],[74.349,21.977],[74.304,21.969],[74.29,21.936],[74.201,21.926],[74.146,21.954],[73.81,21.823],[73.845,21.791],[73.831,21.763],[73.897,21.7],[73.898,21.667],[73.87,21.639],[73.788,21.625],[73.823,21.601],[73.861,21.496],[74.069,21.56],[74.183,21.562],[74.205,21.529],[74.239,21.55],[74.269,21.535],[74.309,21.567],[74.335,21.54],[74.328,21.496],[74.252,21.463],[74.227,21.479],[74.221,21.459],[74.129,21.464],[74.109,21.448],[74.067,21.482],[74.049,21.419],[73.969,21.392],[73.953,21.403],[73.948,21.298],[73.892,21.262],[73.832,21.267],[73.822,21.172],[73.742,21.167],[73.737,21.139],[73.681,21.152],[73.637,21.133],[73.613,21.176],[73.588,21.168],[73.66,21.108],[73.752,21.114],[73.742,21.056],[73.769,21.015],[73.808,21.023],[73.816,20.996],[73.857,20.998],[73.882,20.928],[73.927,20.899],[73.95,20.742],[73.885,20.73],[73.864,20.694],[73.822,20.694],[73.847,20.623],[73.748,20.567],[73.701,20.578],[73.666,20.563],[73.634,20.582],[73.622,20.625],[73.538,20.674],[73.498,20.653],[73.475,20.721],[73.447,20.701],[73.44,20.665],[73.401,20.649],[73.44,20.595],[73.481,20.584],[73.482,20.544],[73.501,20.54],[73.43,20.414],[73.391,20.39],[73.423,20.352],[73.43,20.206],[73.374,20.193],[73.368,20.213],[73.353,20.198],[73.311,20.207],[73.294,20.154],[73.26,20.125],[73.236,20.141],[73.216,20.122],[73.186,20.053],[73.14,20.084],[73.061,20.099],[73.053,20.068],[73.01,20.11],[73.017,20.135],[72.989,20.113],[72.973,20.131],[72.987,20.171],[72.971,20.212],[72.875,20.226],[72.835,20.188],[72.835,20.145],[72.802,20.148],[72.802,20.125],[72.538,20.15],[72.713,17.971],[72.989,16.576],[73.329,15.608],[73.688,15.726],[73.833,15.738],[73.865,15.797],[73.882,15.749],[73.945,15.741],[73.969,15.644],[73.999,15.611],[74.028,15.604],[74.117,15.653],[74.091,15.672],[74.128,15.68],[74.125,15.72],[74.199,15.755],[74.209,15.78],[74.236,15.785],[74.241,15.744],[74.289,15.74],[74.369,15.786],[74.362,15.816],[74.383,15.848],[74.339,15.854],[74.366,15.893],[74.407,15.854],[74.387,15.903],[74.432,15.953],[74.465,16.042],[74.43,16.059],[74.382,16.034],[74.362,16.054],[74.428,16.112],[74.483,16.088],[74.48,16.145],[74.507,16.189],[74.497,16.232],[74.416,16.258],[74.412,16.282],[74.347,16.293],[74.355,16.282],[74.327,16.269],[74.344,16.292],[74.318,16.326],[74.321,16.38],[74.339,16.391],[74.357,16.366],[74.365,16.403],[74.338,16.401],[74.334,16.453],[74.292,16.46],[74.293,16.503],[74.264,16.477],[74.249,16.496],[74.278,16.503],[74.273,16.547],[74.308,16.501],[74.326,16.555],[74.357,16.558],[74.383,16.527],[74.398,16.582],[74.468,16.606],[74.471,16.663],[74.491,16.63],[74.544,16.634],[74.555,16.56],[74.574,16.552],[74.631,16.578],[74.642,16.611],[74.688,16.609],[74.651,16.635],[74.691,16.677],[74.689,16.715],[74.735,16.718],[74.774,16.75],[74.85,16.772],[74.922,16.771],[74.903,16.862],[74.963,16.879],[74.963,16.908],[74.922,16.929],[74.937,16.943],[74.969,16.929],[74.966,16.949],[74.993,16.951],[75.031,16.927],[75.091,16.951],[75.136,16.875],[75.19,16.874],[75.182,16.844],[75.214,16.842],[75.284,16.88],[75.283,16.955],[75.395,16.976],[75.431,16.963],[75.468,16.985],[75.492,16.943],[75.57,16.964],[75.576,17.008],[75.61,17.003],[75.611,16.97],[75.645,16.951],[75.678,16.964],[75.672,17.036],[75.644,17.037],[75.678,17.063],[75.674,17.114],[75.647,17.115],[75.627,17.163],[75.628,17.189],[75.662,17.208],[75.66,17.261],[75.606,17.303],[75.613,17.342],[75.585,17.35],[75.578,17.383],[75.616,17.392],[75.636,17.478],[75.677,17.457],[75.687,17.412],[75.733,17.421],[75.796,17.369],[75.813,17.371],[75.825,17.423],[75.862,17.386],[75.887,17.417],[75.894,17.354],[75.932,17.322],[76.055,17.356],[76.087,17.334],[76.12,17.37],[76.164,17.344],[76.176,17.297],[76.173,17.349],[76.244,17.375],[76.276,17.33],[76.34,17.346],[76.352,17.31],[76.382,17.312],[76.408,17.369],[76.362,17.375],[76.365,17.43],[76.334,17.432],[76.331,17.469],[76.375,17.494],[76.343,17.494],[76.366,17.522],[76.34,17.543],[76.33,17.597],[76.416,17.604],[76.431,17.649],[76.487,17.662],[76.487,17.714],[76.519,17.718],[76.522,17.758],[76.565,17.765],[76.573,17.702],[76.617,17.77],[76.663,17.688],[76.69,17.681],[76.701,17.727],[76.728,17.737],[76.716,17.782],[76.763,17.787],[76.788,17.826],[76.738,17.857],[76.741,17.898],[76.809,17.871],[76.92,17.915],[76.909,18.011],[76.917,18.036],[76.949,18.039],[76.945,18.083],[76.968,18.098],[76.919,18.124],[76.953,18.189],[76.993,18.19],[77.003,18.16],[77.04,18.18],[77.065,18.151],[77.112,18.157],[77.098,18.197],[77.151,18.217],[77.173,18.282],[77.206,18.28],[77.197,18.315],[77.246,18.37],[77.241,18.411],[77.315,18.442],[77.333,18.421],[77.355,18.449],[77.372,18.402],[77.414,18.39],[77.363,18.31],[77.438,18.311],[77.463,18.262],[77.51,18.281],[77.515,18.31],[77.552,18.292]],[[77.269,18.458],[77.301,18.476],[77.29,18.453],[77.269,18.458]],[[74.266,15.827],[74.294,15.83],[74.314,15.791],[74.27,15.794],[74.266,15.827]]]},"properties":{"name":"Maharashtra","cartodb_id":20,"created_at":"2015-07-02T08:55:51Z","updated_at":"2015-07-02T08:55:51Z"}},
{"type":"Feature","geometry":{"type":"Polygon","coordinates":[[[93.001,24.403],[93.024,24.39],[93.022,24.347],[93.043,24.344],[93.008,24.281],[93.022,24.21],[92.976,24.115],[93.054,24.091],[93.079,24.103],[93.101,24.045],[93.148,24.088],[93.17,24.055],[93.217,24.05],[93.227,24.087],[93.248,24.085],[93.267,24.06],[93.255,24.024],[93.288,24.051],[93.325,24.049],[93.332,24.087],[93.354,24.09],[93.344,24.106],[93.407,24.081],[93.465,23.972],[93.503,23.948],[93.556,23.979],[93.595,23.962],[93.626,24.012],[93.757,24.006],[93.811,23.925],[93.932,23.951],[94.095,23.885],[94.117,23.838],[94.156,23.847],[94.169,23.928],[94.189,23.93],[94.238,24.033],[94.228,24.055],[94.255,24.081],[94.26,24.164],[94.323,24.276],[94.322,24.328],[94.351,24.333],[94.38,24.377],[94.362,24.392],[94.408,24.44],[94.394,24.483],[94.424,24.485],[94.456,24.571],[94.51,24.593],[94.541,24.643],[94.547,24.707],[94.607,24.711],[94.633,24.835],[94.686,24.885],[94.714,24.93],[94.704,24.983],[94.737,25.001],[94.738,25.135],[94.639,25.167],[94.577,25.216],[94.636,25.396],[94.66,25.405],[94.682,25.457],[94.558,25.513],[94.556,25.586],[94.595,25.644],[94.577,25.648],[94.597,25.687],[94.573,25.698],[94.508,25.619],[94.474,25.622],[94.43,25.593],[94.42,25.543],[94.314,25.494],[94.287,25.512],[94.215,25.5],[94.195,25.552],[94.16,25.555],[94.139,25.524],[94.092,25.533],[94.086,25.56],[94.015,25.596],[94.01,25.571],[93.965,25.557],[93.9,25.569],[93.771,25.54],[93.766,25.5],[93.804,25.499],[93.809,25.466],[93.718,25.362],[93.693,25.362],[93.608,25.202],[93.555,25.251],[93.505,25.244],[93.511,25.276],[93.472,25.286],[93.474,25.309],[93.389,25.246],[93.336,25.096],[93.305,25.048],[93.268,25.05],[93.249,25.019],[93.262,24.951],[93.197,24.856],[93.193,24.806],[93.153,24.79],[93.123,24.82],[93.11,24.81],[93.107,24.742],[93.076,24.711],[93.105,24.675],[93.075,24.596],[93.107,24.583],[93.061,24.575],[93.073,24.561],[93.036,24.497],[93.039,24.411],[93.001,24.403]]]},"properties":{"name":"Manipur","cartodb_id":21,"created_at":"2015-07-02T08:55:51Z","updated_at":"2015-07-02T08:55:51Z"}},
{"type":"Feature","geometry":{"type":"Polygon","coordinates":[[[72.821,20.368],[72.892,20.37],[72.882,20.405],[72.902,20.417],[72.859,20.428],[72.892,20.447],[72.887,20.462],[72.857,20.47],[72.833,20.449],[72.821,20.368]]]},"properties":{"name":"Daman and Diu","cartodb_id":8,"created_at":"2015-07-02T08:55:51Z","updated_at":"2015-07-02T08:55:51Z"}},
{"type":"Feature","geometry":{"type":"Polygon","coordinates":[[[92.41,25.025],[92.463,25.037],[92.485,25.108],[92.543,25.1],[92.525,25.14],[92.621,25.118],[92.667,25.177],[92.804,25.22],[92.765,25.249],[92.792,25.285],[92.784,25.332],[92.761,25.335],[92.737,25.381],[92.66,25.41],[92.654,25.435],[92.609,25.417],[92.598,25.472],[92.567,25.467],[92.637,25.529],[92.661,25.571],[92.648,25.592],[92.603,25.558],[92.572,25.56],[92.558,25.612],[92.502,25.623],[92.465,25.682],[92.432,25.691],[92.433,25.732],[92.385,25.753],[92.334,25.725],[92.229,25.716],[92.16,25.673],[92.153,25.813],[92.18,25.87],[92.225,25.901],[92.16,25.915],[92.156,25.943],[92.296,26.079],[92.241,26.062],[92.178,26.079],[92.133,26.046],[92.053,26.033],[91.991,26.041],[91.919,26],[91.869,26.057],[91.876,26.098],[91.82,26.119],[91.731,26.059],[91.72,25.954],[91.669,25.905],[91.611,25.94],[91.638,25.965],[91.632,26.022],[91.576,26.033],[91.501,25.921],[91.531,25.924],[91.477,25.869],[91.526,25.89],[91.526,25.873],[91.444,25.841],[91.419,25.855],[91.333,25.839],[91.276,25.747],[91.224,25.723],[91.192,25.73],[91.18,25.776],[91.196,25.859],[91.063,25.82],[91.05,25.829],[91.079,25.853],[91.049,25.849],[91.001,25.822],[91.029,25.888],[90.968,25.887],[90.943,25.947],[90.916,25.943],[90.919,25.913],[90.883,25.952],[90.837,25.938],[90.81,25.952],[90.778,25.908],[90.741,25.915],[90.747,25.957],[90.686,25.951],[90.625,25.899],[90.606,25.912],[90.629,25.938],[90.579,25.958],[90.513,25.896],[90.535,25.958],[90.477,26.015],[90.429,25.989],[90.396,26.014],[90.365,26.01],[90.324,25.975],[90.183,25.944],[90.119,25.961],[90.005,25.879],[90.022,25.865],[90.008,25.847],[89.944,25.824],[89.955,25.774],[89.933,25.744],[89.895,25.744],[89.947,25.659],[90.019,25.608],[90.002,25.584],[89.87,25.544],[89.88,25.488],[89.84,25.438],[89.822,25.348],[89.849,25.29],[89.917,25.31],[90.111,25.225],[90.317,25.188],[90.413,25.149],[90.653,25.181],[90.683,25.16],[90.776,25.176],[90.848,25.149],[91.258,25.208],[91.337,25.174],[91.415,25.172],[91.466,25.135],[91.59,25.173],[91.601,25.142],[91.649,25.127],[91.695,25.134],[91.711,25.159],[91.747,25.151],[91.758,25.174],[92.034,25.188],[92.193,25.14],[92.242,25.093],[92.333,25.079],[92.342,25.051],[92.41,25.025]]]},"properties":{"name":"Meghalaya","cartodb_id":22,"created_at":"2015-07-02T08:55:51Z","updated_at":"2015-07-02T08:55:51Z"}},
{"type":"Feature","geometry":{"type":"Polygon","coordinates":[[[93.001,24.403],[92.936,24.396],[92.911,24.413],[92.906,24.395],[92.863,24.399],[92.833,24.377],[92.765,24.521],[92.691,24.355],[92.624,24.333],[92.612,24.253],[92.551,24.246],[92.533,24.181],[92.486,24.162],[92.481,24.141],[92.437,24.151],[92.423,24.253],[92.297,24.252],[92.337,24.147],[92.311,23.96],[92.331,23.912],[92.32,23.866],[92.292,23.872],[92.275,23.849],[92.287,23.817],[92.259,23.815],[92.27,23.719],[92.29,23.689],[92.278,23.605],[92.384,23.285],[92.349,23.224],[92.384,23.053],[92.375,22.942],[92.444,22.889],[92.471,22.756],[92.516,22.716],[92.525,22.547],[92.606,22.163],[92.599,22.137],[92.562,22.133],[92.601,21.982],[92.68,22.027],[92.678,22.1],[92.699,22.095],[92.698,22.152],[92.719,22.16],[92.866,22.049],[92.901,21.954],[92.943,22.028],[92.985,21.991],[93.006,22.004],[92.989,22.061],[93.016,22.115],[93.053,22.119],[93.048,22.206],[93.154,22.187],[93.143,22.246],[93.202,22.262],[93.186,22.429],[93.139,22.455],[93.129,22.524],[93.107,22.526],[93.141,22.594],[93.096,22.672],[93.095,22.807],[93.135,22.912],[93.165,22.909],[93.138,22.951],[93.141,22.991],[93.119,23.003],[93.126,23.041],[93.135,23.06],[93.154,23.043],[93.184,23.06],[93.23,23.011],[93.293,23.006],[93.387,23.143],[93.368,23.144],[93.389,23.217],[93.355,23.353],[93.401,23.383],[93.394,23.504],[93.418,23.54],[93.416,23.648],[93.437,23.682],[93.393,23.759],[93.394,23.923],[93.357,23.94],[93.332,23.985],[93.325,24.049],[93.288,24.051],[93.255,24.024],[93.267,24.06],[93.248,24.085],[93.227,24.087],[93.217,24.05],[93.17,24.055],[93.148,24.088],[93.101,24.045],[93.079,24.103],[93.054,24.091],[92.976,24.115],[93.022,24.21],[93.008,24.281],[93.043,24.344],[93.022,24.347],[93.024,24.39],[93.001,24.403]]]},"properties":{"name":"Mizoram","cartodb_id":23,"created_at":"2015-07-02T08:55:51Z","updated_at":"2015-07-02T08:55:51Z"}},
{"type":"Feature","geometry":{"type":"Polygon","coordinates":[[[84.003,22.521],[83.98,22.522],[83.976,22.502],[84.042,22.464],[84.004,22.368],[83.861,22.344],[83.753,22.243],[83.646,22.225],[83.557,22.1],[83.6,22.065],[83.543,22.06],[83.533,22.034],[83.549,22.007],[83.535,21.964],[83.6,21.911],[83.571,21.872],[83.586,21.848],[83.574,21.83],[83.531,21.832],[83.537,21.794],[83.491,21.815],[83.467,21.783],[83.478,21.728],[83.42,21.675],[83.484,21.626],[83.453,21.605],[83.441,21.649],[83.381,21.613],[83.335,21.496],[83.403,21.349],[83.375,21.34],[83.27,21.375],[83.254,21.32],[83.268,21.269],[83.218,21.26],[83.193,21.139],[83.095,21.104],[82.965,21.156],[82.956,21.176],[82.879,21.149],[82.812,21.159],[82.789,21.139],[82.752,21.16],[82.636,21.15],[82.645,21.102],[82.609,21.071],[82.622,21.036],[82.546,20.935],[82.486,20.903],[82.459,20.824],[82.415,20.826],[82.402,20.862],[82.347,20.884],[82.335,20.758],[82.368,20.624],[82.324,20.554],[82.381,20.51],[82.388,20.453],[82.41,20.473],[82.429,20.426],[82.394,20.336],[82.429,20.283],[82.405,20.263],[82.414,20.202],[82.379,20.145],[82.391,20.06],[82.598,19.986],[82.632,20],[82.711,19.983],[82.703,19.831],[82.646,19.825],[82.585,19.771],[82.571,19.822],[82.597,19.861],[82.439,19.903],[82.34,19.83],[82.231,19.998],[82.179,19.978],[82.058,20.05],[82.024,20.01],[81.941,20.102],[81.86,20.023],[81.837,19.95],[81.85,19.908],[81.96,19.855],[81.98,19.796],[82.06,19.783],[82.038,19.704],[82.046,19.539],[82.022,19.502],[82.092,19.51],[82.119,19.424],[82.183,19.418],[82.166,19.366],[82.141,19.366],[82.183,19.32],[82.152,19.265],[82.179,19.159],[82.16,19.127],[82.2,19.118],[82.212,19.09],[82.194,19.06],[82.225,19.015],[82.24,18.911],[82.173,18.896],[82.161,18.791],[82.129,18.758],[82.085,18.759],[82.079,18.712],[82.034,18.719],[81.957,18.683],[81.947,18.629],[81.885,18.65],[81.888,18.621],[81.955,18.587],[81.943,18.555],[81.909,18.564],[81.897,18.528],[81.858,18.513],[81.762,18.411],[81.745,18.345],[81.658,18.339],[81.658,18.311],[81.593,18.301],[81.528,18.259],[81.505,18.184],[81.522,18.157],[81.509,18.092],[81.474,18.028],[81.477,17.97],[81.437,17.876],[81.394,17.885],[81.393,17.806],[81.46,17.825],[81.481,17.803],[81.569,17.828],[81.611,17.815],[81.663,17.877],[81.688,17.885],[81.703,17.861],[81.758,17.893],[81.801,17.936],[82.002,18.024],[82.025,18.058],[82.16,18.044],[82.178,18.011],[82.242,17.98],[82.267,17.987],[82.267,18.048],[82.298,18.062],[82.306,18.038],[82.33,18.041],[82.333,18.142],[82.357,18.125],[82.365,18.14],[82.306,18.196],[82.333,18.216],[82.337,18.266],[82.372,18.274],[82.393,18.306],[82.335,18.317],[82.385,18.369],[82.361,18.41],[82.474,18.537],[82.499,18.502],[82.523,18.504],[82.53,18.434],[82.554,18.437],[82.532,18.393],[82.599,18.371],[82.611,18.346],[82.576,18.307],[82.581,18.27],[82.627,18.229],[82.659,18.287],[82.767,18.331],[82.793,18.395],[82.776,18.42],[82.799,18.439],[82.845,18.41],[82.885,18.413],[82.903,18.356],[83.056,18.377],[83.06,18.429],[83.038,18.419],[83.015,18.445],[83.089,18.538],[83.033,18.548],[83.027,18.568],[83.054,18.586],[83.008,18.588],[83.01,18.636],[83.051,18.654],[83.133,18.772],[83.202,18.742],[83.205,18.716],[83.22,18.766],[83.266,18.757],[83.28,18.79],[83.356,18.8],[83.359,18.832],[83.396,18.831],[83.411,18.859],[83.349,18.934],[83.38,18.923],[83.345,18.956],[83.329,18.917],[83.304,18.987],[83.341,19.009],[83.409,18.996],[83.455,18.945],[83.448,18.999],[83.475,19],[83.478,19.021],[83.459,19.069],[83.505,19.065],[83.514,19.025],[83.493,19.027],[83.496,19.011],[83.531,19.005],[83.546,19.074],[83.579,19.05],[83.604,19.088],[83.594,19.12],[83.623,19.154],[83.697,19.016],[83.723,19.012],[83.706,18.985],[83.742,18.923],[83.78,18.908],[83.74,18.978],[83.788,19.008],[83.87,18.818],[83.94,18.796],[84.027,18.802],[84.082,18.745],[84.123,18.748],[84.151,18.776],[84.332,18.792],[84.336,18.867],[84.362,18.851],[84.372,18.867],[84.351,18.883],[84.388,18.878],[84.365,18.896],[84.398,18.886],[84.43,18.914],[84.416,18.938],[84.441,18.967],[84.415,19.014],[84.471,18.981],[84.489,19.021],[84.566,19.065],[84.588,19.013],[84.613,19.055],[84.665,19.066],[84.645,19.085],[84.62,19.077],[84.592,19.124],[84.661,19.122],[84.665,19.157],[84.705,19.149],[84.698,19.109],[84.761,19.071],[85.155,18.878],[85.2,18.994],[85.786,19.511],[85.812,19.452],[86.666,19.78],[86.781,19.988],[87.486,20.654],[87.504,20.854],[87.312,21.037],[87.266,21.138],[87.274,21.235],[87.366,21.282],[87.482,21.304],[87.482,21.626],[87.459,21.645],[87.471,21.707],[87.443,21.729],[87.444,21.761],[87.37,21.76],[87.352,21.786],[87.273,21.802],[87.235,21.895],[87.252,21.918],[87.235,21.954],[87.168,21.973],[87.158,21.931],[87.094,21.908],[87.094,21.86],[87.03,21.865],[86.998,21.907],[87.034,21.989],[87.018,22.041],[86.957,22.083],[86.832,22.095],[86.79,22.154],[86.715,22.143],[86.723,22.215],[86.651,22.233],[86.646,22.262],[86.591,22.275],[86.578,22.298],[86.532,22.298],[86.5,22.341],[86.438,22.324],[86.433,22.302],[86.353,22.345],[86.28,22.445],[86.107,22.485],[86.038,22.564],[86.022,22.521],[85.981,22.51],[85.954,22.456],[86.009,22.424],[86.021,22.382],[85.993,22.338],[86.02,22.329],[86.008,22.31],[86.043,22.306],[85.97,22.243],[86.027,22.185],[86,22.109],[85.942,22.019],[85.912,22.005],[85.905,21.967],[85.761,21.99],[85.788,22.077],[85.831,22.077],[85.802,22.111],[85.723,22.058],[85.672,22.051],[85.644,22.09],[85.591,22.074],[85.54,22.087],[85.394,22.159],[85.363,22.155],[85.358,22.12],[85.3,22.107],[85.231,22],[85.211,22.043],[85.173,22.068],[85.171,22.048],[85.156,22.071],[85.119,22.067],[85.095,22.1],[85.044,22.111],[84.98,22.085],[85.024,22.112],[85.07,22.272],[85.115,22.291],[85.074,22.349],[85.062,22.478],[84.954,22.439],[84.952,22.453],[84.894,22.418],[84.876,22.443],[84.833,22.427],[84.808,22.447],[84.753,22.442],[84.744,22.415],[84.527,22.42],[84.477,22.406],[84.478,22.384],[84.426,22.349],[84.289,22.337],[84.247,22.374],[84.194,22.372],[84.153,22.401],[84.135,22.471],[84.003,22.521]]]},"properties":{"name":"Odisha","cartodb_id":25,"created_at":"2015-07-02T08:55:51Z","updated_at":"2015-07-02T08:55:51Z"}},
{"type":"Feature","geometry":{"type":"MultiPolygon","coordinates":[[[[72.971,20.212],[72.925,20.279],[72.946,20.293],[72.984,20.272],[72.98,20.294],[73.021,20.291],[73.02,20.309],[73.044,20.291],[73.05,20.323],[73.091,20.327],[73.108,20.361],[73.113,20.305],[73.162,20.317],[73.179,20.29],[73.146,20.28],[73.111,20.232],[73.077,20.23],[73.072,20.164],[73.096,20.174],[73.128,20.157],[73.153,20.176],[73.142,20.205],[73.18,20.209],[73.229,20.184],[73.196,20.156],[73.216,20.122],[73.236,20.141],[73.26,20.125],[73.294,20.154],[73.311,20.207],[73.353,20.198],[73.368,20.213],[73.374,20.193],[73.43,20.206],[73.423,20.352],[73.391,20.39],[73.43,20.414],[73.501,20.54],[73.482,20.544],[73.481,20.584],[73.44,20.595],[73.401,20.649],[73.44,20.665],[73.447,20.701],[73.475,20.721],[73.498,20.653],[73.538,20.674],[73.622,20.625],[73.634,20.582],[73.666,20.563],[73.701,20.578],[73.748,20.567],[73.847,20.623],[73.822,20.694],[73.864,20.694],[73.885,20.73],[73.95,20.742],[73.927,20.899],[73.882,20.928],[73.857,20.998],[73.816,20.996],[73.808,21.023],[73.769,21.015],[73.742,21.056],[73.752,21.114],[73.66,21.108],[73.588,21.168],[73.613,21.176],[73.637,21.133],[73.681,21.152],[73.737,21.139],[73.742,21.167],[73.822,21.172],[73.832,21.267],[73.892,21.262],[73.948,21.298],[73.953,21.403],[73.969,21.392],[74.049,21.419],[74.067,21.482],[74.109,21.448],[74.129,21.464],[74.221,21.459],[74.227,21.479],[74.252,21.463],[74.328,21.496],[74.335,21.54],[74.309,21.567],[74.269,21.535],[74.239,21.55],[74.205,21.529],[74.183,21.562],[74.069,21.56],[73.861,21.496],[73.823,21.601],[73.788,21.625],[73.87,21.639],[73.898,21.667],[73.897,21.7],[73.831,21.763],[73.845,21.791],[73.81,21.823],[74.146,21.954],[74.154,21.986],[74.098,22.015],[74.181,22.087],[74.13,22.098],[74.123,22.213],[74.076,22.222],[74.091,22.244],[74.059,22.286],[74.072,22.36],[74.112,22.372],[74.134,22.332],[74.191,22.322],[74.207,22.368],[74.227,22.358],[74.258,22.4],[74.294,22.394],[74.254,22.433],[74.205,22.437],[74.191,22.478],[74.171,22.434],[74.144,22.457],[74.13,22.422],[74.111,22.429],[74.103,22.468],[74.078,22.466],[74.085,22.509],[74.037,22.492],[74.035,22.508],[74.067,22.551],[74.153,22.518],[74.265,22.645],[74.384,22.644],[74.403,22.731],[74.479,22.859],[74.451,22.924],[74.401,22.899],[74.362,22.933],[74.342,22.964],[74.371,22.98],[74.323,23.063],[74.282,23.095],[74.288,23.119],[74.246,23.188],[74.207,23.192],[74.183,23.152],[74.155,23.158],[74.123,23.191],[74.134,23.27],[74.102,23.296],[74.045,23.296],[74.033,23.332],[73.991,23.338],[73.963,23.381],[73.939,23.341],[73.894,23.337],[73.832,23.447],[73.783,23.435],[73.765,23.459],[73.726,23.413],[73.704,23.456],[73.653,23.44],[73.633,23.452],[73.658,23.504],[73.637,23.548],[73.661,23.623],[73.577,23.655],[73.513,23.617],[73.509,23.704],[73.479,23.709],[73.421,23.779],[73.376,23.767],[73.361,23.792],[73.362,23.862],[73.425,23.931],[73.405,23.991],[73.414,24.051],[73.37,24.088],[73.373,24.128],[73.335,24.115],[73.332,24.074],[73.291,24.027],[73.246,24.011],[73.201,24.045],[73.224,24.098],[73.114,24.138],[73.081,24.192],[73.145,24.308],[73.181,24.302],[73.193,24.344],[73.211,24.334],[73.232,24.365],[73.211,24.375],[73.17,24.351],[73.085,24.394],[73.108,24.426],[73.095,24.495],[73.051,24.465],[73.013,24.482],[72.981,24.451],[72.991,24.421],[72.963,24.384],[72.992,24.364],[72.924,24.326],[72.868,24.366],[72.732,24.361],[72.694,24.419],[72.697,24.457],[72.588,24.472],[72.545,24.507],[72.501,24.45],[72.508,24.41],[72.465,24.407],[72.437,24.46],[72.443,24.504],[72.386,24.501],[72.358,24.553],[72.295,24.538],[72.251,24.58],[72.279,24.6],[72.342,24.593],[72.354,24.618],[72.315,24.609],[72.23,24.633],[72.211,24.612],[72.166,24.615],[72.085,24.653],[72.085,24.697],[72.052,24.706],[71.944,24.627],[71.92,24.667],[71.877,24.675],[71.858,24.604],[71.812,24.622],[71.799,24.67],[71.662,24.633],[71.617,24.67],[71.489,24.674],[71.383,24.622],[71.351,24.653],[71.298,24.608],[71.099,24.687],[71.05,24.648],[71,24.644],[70.98,24.561],[71.006,24.541],[71.006,24.458],[71.082,24.449],[71.124,24.405],[71.042,24.35],[70.942,24.369],[70.864,24.317],[70.886,24.274],[70.785,24.238],[70.651,24.241],[70.584,24.278],[70.568,24.371],[70.601,24.415],[70.568,24.436],[70.429,24.409],[70.381,24.368],[70.319,24.368],[70.254,24.332],[70.121,24.309],[70.071,24.197],[70.028,24.173],[69.724,24.171],[69.599,24.281],[69.311,24.297],[69.189,24.258],[69.08,24.297],[68.988,24.257],[68.927,24.326],[68.901,24.318],[68.858,24.242],[68.825,24.333],[68.758,24.324],[68.747,23.97],[68.391,23.968],[68.376,23.944],[68.362,23.974],[68.326,23.912],[68.291,23.944],[68.271,23.919],[68.282,23.898],[68.214,23.868],[68.186,23.688],[68.111,23.601],[68.115,23.539],[68.247,23.447],[68.276,23.294],[68.372,23.101],[68.661,22.911],[68.98,22.736],[68.983,22.677],[68.842,22.592],[68.743,22.453],[68.682,22.276],[68.79,22.017],[69.04,21.716],[69.499,21.29],[69.807,20.95],[70.007,20.78],[70.417,20.576],[70.74,20.451],[70.909,20.443],[71.661,20.639],[72.079,20.845],[72.226,20.899],[72.383,20.917],[72.47,20.811],[72.5,20.595],[72.48,20.376],[72.538,20.15],[72.802,20.125],[72.802,20.148],[72.835,20.145],[72.835,20.188],[72.875,20.226],[72.971,20.212]],[[72.821,20.368],[72.833,20.449],[72.857,20.47],[72.887,20.462],[72.892,20.447],[72.859,20.428],[72.902,20.417],[72.882,20.405],[72.892,20.37],[72.821,20.368]],[[72.932,20.322],[72.97,20.363],[73.001,20.336],[72.962,20.306],[72.932,20.322]]],[[[72.986,20.221],[73.012,20.217],[73.013,20.233],[72.986,20.221]]]]},"properties":{"name":"Gujarat","cartodb_id":11,"created_at":"2015-07-02T08:55:51Z","updated_at":"2015-07-02T08:55:51Z"}},
{"type":"Feature","geometry":{"type":"Polygon","coordinates":[[[77.209,28.857],[77.232,28.897],[77.199,28.958],[77.214,29.006],[77.122,29.106],[77.139,29.135],[77.13,29.273],[77.154,29.335],[77.118,29.357],[77.147,29.39],[77.126,29.411],[77.139,29.442],[77.085,29.534],[77.11,29.553],[77.095,29.58],[77.131,29.666],[77.119,29.686],[77.143,29.706],[77.118,29.776],[77.152,29.793],[77.18,29.906],[77.263,30.002],[77.271,30.048],[77.414,30.107],[77.398,30.119],[77.424,30.168],[77.473,30.189],[77.52,30.26],[77.584,30.305],[77.595,30.359],[77.575,30.384],[77.51,30.449],[77.487,30.412],[77.416,30.408],[77.453,30.441],[77.45,30.465],[77.4,30.419],[77.346,30.462],[77.311,30.453],[77.252,30.484],[77.203,30.48],[77.185,30.526],[77.111,30.567],[77.159,30.603],[77.153,30.689],[77.077,30.745],[77.034,30.755],[77.018,30.74],[76.989,30.777],[76.998,30.814],[76.979,30.799],[76.954,30.811],[76.902,30.897],[76.852,30.87],[76.816,30.896],[76.81,30.93],[76.77,30.907],[76.769,30.877],[76.847,30.792],[76.828,30.764],[76.817,30.687],[76.819,30.66],[76.849,30.667],[76.913,30.6],[76.885,30.54],[76.92,30.525],[76.889,30.485],[76.889,30.441],[76.931,30.397],[76.887,30.358],[76.833,30.434],[76.809,30.412],[76.758,30.439],[76.7,30.394],[76.711,30.365],[76.739,30.36],[76.715,30.333],[76.675,30.326],[76.61,30.271],[76.548,30.265],[76.532,30.227],[76.584,30.256],[76.604,30.215],[76.639,30.206],[76.627,30.106],[76.601,30.08],[76.501,30.077],[76.491,30.097],[76.452,30.101],[76.41,30.202],[76.381,30.183],[76.402,30.158],[76.39,30.127],[76.326,30.149],[76.349,30.128],[76.323,30.108],[76.251,30.119],[76.204,30.159],[76.212,30.135],[76.191,30.135],[76.255,30.105],[76.191,30.016],[76.204,29.944],[76.166,29.928],[76.185,29.889],[76.242,29.869],[76.116,29.796],[76.078,29.806],[76.041,29.749],[75.973,29.732],[75.88,29.747],[75.829,29.813],[75.772,29.825],[75.706,29.809],[75.698,29.755],[75.625,29.773],[75.613,29.747],[75.569,29.743],[75.557,29.766],[75.512,29.76],[75.444,29.808],[75.379,29.711],[75.335,29.694],[75.351,29.659],[75.318,29.671],[75.281,29.61],[75.305,29.589],[75.291,29.562],[75.223,29.546],[75.221,29.606],[75.173,29.63],[75.158,29.663],[75.231,29.752],[75.198,29.796],[75.201,29.83],[75.156,29.82],[75.142,29.777],[75.125,29.806],[75.09,29.807],[75.107,29.826],[75.081,29.85],[75.104,29.873],[75.085,29.915],[75.066,29.879],[74.99,29.856],[74.916,29.949],[74.885,29.939],[74.881,29.968],[74.85,29.959],[74.801,29.993],[74.724,29.962],[74.698,29.971],[74.64,29.923],[74.647,29.905],[74.519,29.943],[74.505,29.908],[74.534,29.903],[74.554,29.866],[74.465,29.788],[74.472,29.744],[74.526,29.741],[74.587,29.768],[74.605,29.753],[74.566,29.564],[74.615,29.527],[74.579,29.459],[74.535,29.465],[74.529,29.449],[74.597,29.362],[74.596,29.328],[74.642,29.331],[74.65,29.372],[74.756,29.356],[74.841,29.404],[74.927,29.365],[74.957,29.331],[74.94,29.305],[74.953,29.282],[75.05,29.286],[75.063,29.239],[75.108,29.227],[75.18,29.268],[75.223,29.235],[75.322,29.289],[75.315,29.236],[75.345,29.226],[75.358,29.255],[75.396,29.262],[75.386,29.221],[75.411,29.202],[75.361,29.143],[75.396,29.128],[75.381,29.07],[75.43,29.065],[75.435,29.016],[75.511,29.011],[75.516,28.975],[75.467,28.926],[75.513,28.837],[75.499,28.788],[75.529,28.75],[75.556,28.615],[75.618,28.602],[75.629,28.546],[75.785,28.451],[75.77,28.408],[75.889,28.394],[75.922,28.369],[75.931,28.339],[76.019,28.281],[76.011,28.242],[76.053,28.224],[76.045,28.203],[76.093,28.155],[76.065,28.144],[76.066,28.168],[76.028,28.173],[75.936,28.094],[75.982,28.08],[75.978,28.052],[76.016,28.089],[76.036,28.074],[76.005,28.054],[76.01,28.037],[75.97,28.031],[75.991,28.01],[75.956,28.001],[75.987,27.985],[75.963,27.937],[75.938,27.951],[75.924,27.933],[75.977,27.909],[75.963,27.865],[76.049,27.848],[76.088,27.868],[76.173,27.807],[76.223,27.841],[76.193,27.864],[76.199,27.899],[76.166,27.915],[76.18,27.973],[76.155,27.999],[76.214,28.032],[76.177,28.059],[76.221,28.049],[76.265,28.069],[76.297,28.026],[76.337,28.03],[76.355,28.074],[76.303,28.099],[76.355,28.128],[76.279,28.179],[76.342,28.174],[76.377,28.138],[76.471,28.155],[76.498,28.107],[76.461,28.112],[76.449,28.093],[76.498,28.065],[76.454,28.05],[76.539,28.039],[76.538,27.971],[76.599,28.01],[76.66,28.019],[76.651,28.097],[76.792,28.157],[76.801,28.212],[76.854,28.225],[76.962,28.144],[76.919,27.998],[76.938,27.896],[76.883,27.724],[76.915,27.701],[76.881,27.699],[76.905,27.656],[76.934,27.675],[76.97,27.657],[76.994,27.742],[77.079,27.739],[77.067,27.764],[77.021,27.778],[77.038,27.82],[77.127,27.776],[77.151,27.816],[77.181,27.809],[77.169,27.785],[77.194,27.822],[77.232,27.786],[77.263,27.816],[77.276,27.806],[77.289,27.829],[77.455,27.893],[77.478,27.94],[77.519,27.932],[77.536,27.949],[77.51,27.973],[77.535,27.993],[77.479,28.044],[77.47,28.084],[77.478,28.108],[77.492,28.098],[77.496,28.16],[77.542,28.181],[77.492,28.185],[77.489,28.212],[77.519,28.202],[77.515,28.23],[77.541,28.248],[77.467,28.27],[77.496,28.307],[77.464,28.338],[77.494,28.358],[77.474,28.413],[77.346,28.516],[77.315,28.484],[77.291,28.497],[77.244,28.479],[77.242,28.428],[77.174,28.405],[77.128,28.443],[77.12,28.495],[77.094,28.514],[77.009,28.54],[77.01,28.515],[76.885,28.501],[76.846,28.55],[76.839,28.583],[76.865,28.586],[76.889,28.632],[76.942,28.627],[76.925,28.65],[76.968,28.699],[76.948,28.712],[76.951,28.818],[76.994,28.84],[77.04,28.832],[77.083,28.883],[77.14,28.862],[77.145,28.838],[77.209,28.857]]]},"properties":{"name":"Haryana","cartodb_id":12,"created_at":"2015-07-02T08:55:51Z","updated_at":"2015-07-02T08:55:51Z"}},
{"type":"Feature","geometry":{"type":"Polygon","coordinates":[[[77.575,30.384],[77.563,30.404],[77.581,30.43],[77.647,30.433],[77.811,30.533],[77.803,30.564],[77.762,30.563],[77.73,30.598],[77.782,30.619],[77.779,30.664],[77.734,30.686],[77.741,30.711],[77.688,30.769],[77.744,30.83],[77.745,30.881],[77.789,30.858],[77.801,30.913],[77.746,30.922],[77.734,30.96],[77.764,30.977],[77.817,30.953],[77.796,30.97],[77.825,31.008],[77.8,31.062],[77.843,31.081],[77.887,31.155],[77.955,31.179],[78.014,31.155],[78.03,31.185],[78.088,31.191],[78.148,31.232],[78.233,31.235],[78.269,31.271],[78.293,31.266],[78.298,31.288],[78.369,31.288],[78.398,31.248],[78.42,31.26],[78.444,31.244],[78.47,31.204],[78.537,31.207],[78.595,31.236],[78.648,31.195],[78.795,31.205],[78.819,31.147],[78.871,31.107],[79.006,31.114],[78.988,31.174],[78.883,31.286],[78.862,31.315],[78.853,31.294],[78.778,31.312],[78.75,31.368],[78.797,31.444],[78.758,31.483],[78.726,31.484],[78.72,31.508],[78.847,31.607],[78.802,31.648],[78.799,31.682],[78.751,31.68],[78.704,31.781],[78.78,31.994],[78.734,32.005],[78.683,32.114],[78.631,32.126],[78.592,32.167],[78.596,32.198],[78.56,32.202],[78.488,32.276],[78.51,32.303],[78.454,32.386],[78.472,32.442],[78.395,32.53],[78.31,32.476],[78.279,32.508],[78.296,32.577],[78.389,32.623],[78.363,32.672],[78.371,32.762],[78.288,32.738],[78.296,32.713],[78.213,32.669],[78.152,32.679],[78.122,32.642],[78.094,32.662],[78.065,32.624],[78.034,32.636],[78.036,32.592],[77.982,32.587],[77.903,32.693],[77.915,32.766],[77.881,32.775],[77.848,32.828],[77.761,32.865],[77.79,32.906],[77.713,32.972],[77.665,32.986],[77.653,32.96],[77.584,32.944],[77.455,32.862],[77.387,32.886],[77.357,32.825],[77.321,32.822],[77.305,32.854],[77.258,32.876],[77.239,32.865],[77.174,32.931],[77.146,32.914],[77.136,32.981],[76.999,32.989],[76.917,33.034],[76.877,33.114],[76.844,33.112],[76.804,33.156],[76.829,33.242],[76.778,33.256],[76.755,33.249],[76.73,33.179],[76.627,33.163],[76.582,33.207],[76.548,33.209],[76.469,33.18],[76.392,33.187],[76.275,33.104],[76.237,33.033],[76.094,33.005],[76.082,32.969],[75.987,32.901],[75.934,32.884],[75.881,32.925],[75.808,32.93],[75.795,32.869],[75.874,32.814],[75.913,32.757],[75.896,32.691],[75.925,32.654],[75.872,32.576],[75.855,32.5],[75.935,32.425],[75.844,32.379],[75.755,32.286],[75.623,32.235],[75.62,32.185],[75.662,32.165],[75.579,32.082],[75.69,32.061],[75.795,31.989],[75.895,31.95],[75.971,31.815],[75.922,31.817],[76.003,31.647],[76.153,31.414],[76.134,31.382],[76.173,31.307],[76.261,31.306],[76.302,31.326],[76.296,31.342],[76.33,31.345],[76.321,31.392],[76.354,31.408],[76.363,31.441],[76.448,31.306],[76.431,31.283],[76.467,31.31],[76.518,31.263],[76.537,31.284],[76.535,31.255],[76.589,31.273],[76.611,31.251],[76.593,31.211],[76.64,31.222],[76.648,31.21],[76.59,31.183],[76.589,31.128],[76.626,31.11],[76.599,31.053],[76.61,31.004],[76.713,30.963],[76.77,30.907],[76.81,30.93],[76.816,30.896],[76.852,30.87],[76.902,30.897],[76.954,30.811],[76.979,30.799],[76.998,30.814],[76.989,30.777],[77.018,30.74],[77.034,30.755],[77.077,30.745],[77.153,30.689],[77.159,30.603],[77.111,30.567],[77.185,30.526],[77.203,30.48],[77.252,30.484],[77.311,30.453],[77.346,30.462],[77.4,30.419],[77.45,30.465],[77.453,30.441],[77.416,30.408],[77.487,30.412],[77.51,30.449],[77.575,30.384]]]},"properties":{"name":"Himachal Pradesh","cartodb_id":13,"created_at":"2015-07-02T08:55:51Z","updated_at":"2015-07-02T08:55:51Z"}},
{"type":"Feature","geometry":{"type":"Polygon","coordinates":[[[74.323,23.063],[74.391,23.112],[74.512,23.089],[74.545,23.132],[74.608,23.145],[74.669,23.201],[74.746,23.212],[74.751,23.23],[74.695,23.223],[74.722,23.242],[74.701,23.272],[74.646,23.26],[74.572,23.301],[74.554,23.282],[74.518,23.329],[74.543,23.339],[74.574,23.423],[74.613,23.461],[74.655,23.464],[74.701,23.504],[74.734,23.501],[74.774,23.543],[74.803,23.534],[74.845,23.554],[74.906,23.623],[74.94,23.63],[74.908,23.683],[74.941,23.735],[74.906,23.874],[74.921,23.936],[74.993,24.03],[74.881,24.213],[74.906,24.234],[74.894,24.261],[74.87,24.281],[74.755,24.279],[74.784,24.317],[74.785,24.367],[74.858,24.468],[74.818,24.462],[74.817,24.491],[74.779,24.484],[74.712,24.511],[74.757,24.555],[74.748,24.597],[74.79,24.611],[74.784,24.637],[74.817,24.672],[74.775,24.688],[74.799,24.796],[74.893,24.655],[74.943,24.66],[74.962,24.701],[75,24.708],[74.993,24.753],[75.02,24.753],[75.021,24.773],[75.007,24.796],[74.917,24.787],[74.878,24.813],[74.849,24.793],[74.833,24.968],[74.853,24.975],[74.867,24.937],[74.885,24.95],[74.913,24.928],[74.907,24.907],[74.949,24.895],[74.945,24.878],[75.043,24.859],[75.056,24.882],[75.119,24.889],[75.119,24.975],[75.161,24.988],[75.159,25.046],[75.336,25.045],[75.354,25.038],[75.319,25.006],[75.338,24.963],[75.314,24.901],[75.276,24.977],[75.293,24.923],[75.261,24.889],[75.311,24.869],[75.326,24.887],[75.424,24.893],[75.417,24.864],[75.306,24.813],[75.279,24.853],[75.227,24.859],[75.25,24.896],[75.223,24.89],[75.208,24.91],[75.201,24.884],[75.252,24.832],[75.192,24.789],[75.187,24.76],[75.217,24.722],[75.267,24.733],[75.452,24.693],[75.582,24.723],[75.609,24.69],[75.786,24.765],[75.839,24.73],[75.827,24.671],[75.849,24.653],[75.828,24.613],[75.835,24.598],[75.874,24.607],[75.884,24.582],[75.915,24.575],[75.925,24.534],[75.891,24.509],[75.909,24.456],[75.847,24.419],[75.791,24.475],[75.749,24.428],[75.755,24.409],[75.727,24.405],[75.738,24.348],[75.765,24.311],[75.811,24.303],[75.827,24.246],[75.773,24.221],[75.743,24.14],[75.776,24.139],[75.812,24.103],[75.836,24.111],[75.834,24.075],[75.78,24.062],[75.762,23.998],[75.7,23.969],[75.669,24.034],[75.635,24],[75.584,23.992],[75.514,24.049],[75.465,23.981],[75.457,23.921],[75.576,23.843],[75.556,23.826],[75.582,23.8],[75.652,23.802],[75.685,23.761],[75.687,23.819],[75.718,23.819],[75.729,23.858],[75.698,23.877],[75.702,23.904],[75.75,23.89],[75.777,23.854],[75.974,23.931],[75.96,24.026],[76.047,24.075],[76.135,24.095],[76.121,24.196],[76.154,24.244],[76.143,24.285],[76.185,24.331],[76.206,24.311],[76.195,24.285],[76.215,24.217],[76.283,24.216],[76.327,24.253],[76.414,24.208],[76.424,24.227],[76.453,24.217],[76.47,24.232],[76.532,24.163],[76.58,24.181],[76.566,24.201],[76.598,24.23],[76.588,24.249],[76.614,24.242],[76.616,24.263],[76.693,24.285],[76.702,24.249],[76.674,24.193],[76.701,24.171],[76.755,24.172],[76.801,24.121],[76.9,24.131],[76.916,24.189],[76.945,24.203],[76.87,24.277],[76.84,24.339],[76.851,24.469],[76.814,24.532],[76.866,24.549],[76.879,24.526],[76.913,24.543],[76.915,24.488],[76.96,24.46],[77.05,24.526],[77.065,24.57],[77.06,24.642],[77.027,24.711],[76.972,24.732],[76.952,24.765],[76.847,24.75],[76.801,24.82],[76.832,24.84],[76.927,24.85],[76.949,24.873],[76.914,24.888],[76.921,24.917],[76.891,24.92],[76.854,25.01],[76.984,25.078],[77.077,25.058],[77.115,25.069],[77.169,25.114],[77.262,25.119],[77.303,25.084],[77.399,25.113],[77.391,25.188],[77.418,25.193],[77.35,25.272],[77.375,25.306],[77.364,25.333],[77.337,25.326],[77.361,25.413],[77.305,25.436],[77.283,25.424],[77.22,25.373],[77.205,25.311],[77.075,25.339],[77.024,25.301],[76.959,25.297],[76.934,25.276],[76.893,25.323],[76.77,25.312],[76.767,25.336],[76.681,25.345],[76.602,25.389],[76.52,25.53],[76.511,25.673],[76.478,25.695],[76.483,25.718],[76.531,25.734],[76.529,25.798],[76.593,25.874],[76.627,25.871],[76.646,25.909],[76.722,25.9],[76.757,25.922],[76.749,25.94],[76.786,25.94],[76.811,25.995],[76.882,26.047],[76.904,26.09],[77.035,26.182],[77.092,26.191],[77.124,26.238],[77.203,26.237],[77.366,26.372],[77.433,26.365],[77.428,26.407],[77.523,26.415],[77.668,26.508],[77.714,26.504],[77.744,26.545],[77.813,26.555],[77.821,26.6],[77.879,26.62],[77.895,26.662],[77.947,26.658],[78.002,26.694],[78.091,26.675],[78.091,26.728],[78.123,26.749],[78.109,26.793],[78.179,26.783],[78.168,26.82],[78.21,26.826],[78.191,26.888],[78.226,26.883],[78.261,26.932],[78.216,26.954],[78.205,26.939],[78.108,26.95],[78.102,26.905],[78.042,26.915],[78.048,26.875],[78.022,26.861],[78.007,26.911],[77.942,26.9],[77.9,26.925],[77.89,26.889],[77.753,26.938],[77.719,26.917],[77.716,26.881],[77.605,26.833],[77.521,26.822],[77.498,26.848],[77.481,26.788],[77.497,26.774],[77.448,26.747],[77.464,26.769],[77.428,26.77],[77.422,26.867],[77.649,26.974],[77.736,26.988],[77.755,27.023],[77.735,27.034],[77.704,27],[77.673,27.052],[77.627,27.016],[77.557,27.037],[77.566,27.078],[77.521,27.067],[77.499,27.095],[77.591,27.123],[77.605,27.169],[77.655,27.176],[77.673,27.2],[77.639,27.217],[77.644,27.239],[77.592,27.301],[77.614,27.343],[77.574,27.327],[77.497,27.381],[77.432,27.399],[77.415,27.425],[77.429,27.462],[77.396,27.478],[77.383,27.516],[77.335,27.53],[77.35,27.594],[77.311,27.612],[77.342,27.653],[77.341,27.695],[77.298,27.719],[77.304,27.788],[77.276,27.806],[77.263,27.816],[77.232,27.786],[77.194,27.822],[77.169,27.785],[77.181,27.809],[77.151,27.816],[77.127,27.776],[77.038,27.82],[77.021,27.778],[77.067,27.764],[77.079,27.739],[76.994,27.742],[76.97,27.657],[76.934,27.675],[76.905,27.656],[76.881,27.699],[76.915,27.701],[76.883,27.724],[76.938,27.896],[76.919,27.998],[76.962,28.144],[76.854,28.225],[76.801,28.212],[76.792,28.157],[76.651,28.097],[76.66,28.019],[76.599,28.01],[76.538,27.971],[76.539,28.039],[76.454,28.05],[76.498,28.065],[76.449,28.093],[76.461,28.112],[76.498,28.107],[76.471,28.155],[76.377,28.138],[76.342,28.174],[76.279,28.179],[76.355,28.128],[76.303,28.099],[76.355,28.074],[76.337,28.03],[76.297,28.026],[76.265,28.069],[76.221,28.049],[76.177,28.059],[76.214,28.032],[76.155,27.999],[76.18,27.973],[76.166,27.915],[76.199,27.899],[76.193,27.864],[76.223,27.841],[76.173,27.807],[76.088,27.868],[76.049,27.848],[75.963,27.865],[75.977,27.909],[75.924,27.933],[75.938,27.951],[75.963,27.937],[75.987,27.985],[75.956,28.001],[75.991,28.01],[75.97,28.031],[76.01,28.037],[76.005,28.054],[76.036,28.074],[76.016,28.089],[75.978,28.052],[75.982,28.08],[75.936,28.094],[76.028,28.173],[76.066,28.168],[76.065,28.144],[76.093,28.155],[76.045,28.203],[76.053,28.224],[76.011,28.242],[76.019,28.281],[75.931,28.339],[75.922,28.369],[75.889,28.394],[75.77,28.408],[75.785,28.451],[75.629,28.546],[75.618,28.602],[75.556,28.615],[75.529,28.75],[75.499,28.788],[75.513,28.837],[75.467,28.926],[75.516,28.975],[75.511,29.011],[75.435,29.016],[75.43,29.065],[75.381,29.07],[75.396,29.128],[75.361,29.143],[75.411,29.202],[75.386,29.221],[75.396,29.262],[75.358,29.255],[75.345,29.226],[75.315,29.236],[75.322,29.289],[75.223,29.235],[75.18,29.268],[75.108,29.227],[75.063,29.239],[75.05,29.286],[74.953,29.282],[74.94,29.305],[74.957,29.331],[74.927,29.365],[74.841,29.404],[74.756,29.356],[74.65,29.372],[74.642,29.331],[74.596,29.328],[74.597,29.362],[74.529,29.449],[74.535,29.465],[74.579,29.459],[74.615,29.527],[74.566,29.564],[74.605,29.753],[74.587,29.768],[74.526,29.741],[74.472,29.744],[74.465,29.788],[74.554,29.866],[74.534,29.903],[74.505,29.908],[74.519,29.943],[73.891,29.97],[73.882,30.011],[73.967,30.121],[73.974,30.198],[73.807,30.067],[73.399,29.945],[73.284,29.572],[73.064,29.203],[73.006,29.152],[72.947,29.027],[72.734,28.947],[72.389,28.767],[72.301,28.669],[72.208,28.394],[72.006,28.218],[71.929,28.122],[71.899,27.96],[71.666,27.876],[71.383,27.871],[71.203,27.834],[70.872,27.703],[70.759,27.72],[70.738,27.741],[70.683,27.828],[70.676,27.921],[70.589,28.009],[70.506,28.036],[70.373,28.011],[70.134,27.805],[70.027,27.562],[69.935,27.497],[69.864,27.401],[69.587,27.181],[69.515,27.01],[69.486,26.805],[69.511,26.744],[69.887,26.567],[70.056,26.602],[70.175,26.552],[70.177,26.251],[70.142,26.156],[70.085,26.082],[70.101,25.939],[70.27,25.714],[70.387,25.675],[70.53,25.685],[70.608,25.716],[70.661,25.703],[70.68,25.523],[70.666,25.397],[70.738,25.333],[70.753,25.279],[70.89,25.148],[70.939,24.939],[71.099,24.687],[71.298,24.608],[71.351,24.653],[71.383,24.622],[71.489,24.674],[71.617,24.67],[71.662,24.633],[71.799,24.67],[71.812,24.622],[71.858,24.604],[71.877,24.675],[71.92,24.667],[71.944,24.627],[72.052,24.706],[72.085,24.697],[72.085,24.653],[72.166,24.615],[72.211,24.612],[72.23,24.633],[72.315,24.609],[72.354,24.618],[72.342,24.593],[72.279,24.6],[72.251,24.58],[72.295,24.538],[72.358,24.553],[72.386,24.501],[72.443,24.504],[72.437,24.46],[72.465,24.407],[72.508,24.41],[72.501,24.45],[72.545,24.507],[72.588,24.472],[72.697,24.457],[72.694,24.419],[72.732,24.361],[72.868,24.366],[72.924,24.326],[72.992,24.364],[72.963,24.384],[72.991,24.421],[72.981,24.451],[73.013,24.482],[73.051,24.465],[73.095,24.495],[73.108,24.426],[73.085,24.394],[73.17,24.351],[73.211,24.375],[73.232,24.365],[73.211,24.334],[73.193,24.344],[73.181,24.302],[73.145,24.308],[73.081,24.192],[73.114,24.138],[73.224,24.098],[73.201,24.045],[73.246,24.011],[73.291,24.027],[73.332,24.074],[73.335,24.115],[73.373,24.128],[73.37,24.088],[73.414,24.051],[73.405,23.991],[73.425,23.931],[73.362,23.862],[73.361,23.792],[73.376,23.767],[73.421,23.779],[73.479,23.709],[73.509,23.704],[73.513,23.617],[73.577,23.655],[73.661,23.623],[73.637,23.548],[73.658,23.504],[73.633,23.452],[73.653,23.44],[73.704,23.456],[73.726,23.413],[73.765,23.459],[73.783,23.435],[73.832,23.447],[73.894,23.337],[73.939,23.341],[73.963,23.381],[73.991,23.338],[74.033,23.332],[74.045,23.296],[74.102,23.296],[74.134,23.27],[74.123,23.191],[74.155,23.158],[74.183,23.152],[74.207,23.192],[74.246,23.188],[74.288,23.119],[74.282,23.095],[74.323,23.063]]]},"properties":{"name":"Rajasthan","cartodb_id":28,"created_at":"2015-07-02T08:55:51Z","updated_at":"2015-07-02T08:55:51Z"}},
{"type":"Feature","geometry":{"type":"Polygon","coordinates":[[[88.746,27.142],[88.789,27.185],[88.802,27.248],[88.879,27.263],[88.915,27.291],[88.921,27.327],[88.895,27.333],[88.861,27.386],[88.838,27.38],[88.806,27.407],[88.777,27.469],[88.794,27.527],[88.763,27.566],[88.792,27.574],[88.815,27.647],[88.848,27.668],[88.857,27.816],[88.888,27.856],[88.868,27.92],[88.834,27.931],[88.836,28.015],[88.755,28.08],[88.671,28.074],[88.633,28.123],[88.602,28.09],[88.554,28.082],[88.546,28.034],[88.495,28.055],[88.414,27.981],[88.34,27.986],[88.251,27.942],[88.238,27.97],[88.209,27.962],[88.207,27.941],[88.142,27.965],[88.13,27.95],[88.121,27.909],[88.139,27.878],[88.196,27.854],[88.173,27.821],[88.197,27.791],[88.044,27.496],[88.08,27.427],[88.047,27.406],[88.042,27.37],[88.066,27.336],[88.014,27.213],[88.062,27.211],[88.086,27.141],[88.152,27.112],[88.181,27.132],[88.239,27.119],[88.278,27.131],[88.433,27.079],[88.534,27.15],[88.522,27.173],[88.544,27.184],[88.608,27.19],[88.656,27.162],[88.692,27.179],[88.725,27.139],[88.746,27.142]]]},"properties":{"name":"Sikkim","cartodb_id":29,"created_at":"2015-07-02T08:55:51Z","updated_at":"2015-07-02T08:55:51Z"}},
{"type":"Feature","geometry":{"type":"MultiPolygon","coordinates":[[[[76.424,11.659],[76.425,11.623],[76.38,11.622],[76.363,11.589],[76.298,11.564],[76.271,11.593],[76.226,11.564],[76.24,11.46],[76.278,11.474],[76.321,11.445],[76.334,11.459],[76.41,11.434],[76.449,11.382],[76.509,11.347],[76.538,11.352],[76.54,11.292],[76.446,11.23],[76.453,11.18],[76.488,11.203],[76.623,11.186],[76.697,11.231],[76.726,11.206],[76.691,11.145],[76.739,11.121],[76.737,11.047],[76.792,11.043],[76.757,11.025],[76.706,11.031],[76.649,10.924],[76.817,10.862],[76.84,10.808],[76.888,10.8],[76.897,10.771],[76.884,10.707],[76.855,10.675],[76.873,10.63],[76.805,10.626],[76.809,10.594],[76.83,10.585],[76.807,10.415],[76.839,10.36],[76.83,10.306],[76.852,10.282],[76.874,10.297],[76.913,10.234],[76.983,10.221],[77.045,10.256],[77.044,10.284],[77.09,10.314],[77.177,10.358],[77.237,10.352],[77.214,10.306],[77.251,10.254],[77.247,10.221],[77.28,10.207],[77.275,10.131],[77.209,10.118],[77.203,10.089],[77.262,10.03],[77.272,9.964],[77.217,9.898],[77.213,9.875],[77.236,9.859],[77.223,9.823],[77.247,9.799],[77.168,9.615],[77.209,9.614],[77.264,9.574],[77.318,9.603],[77.339,9.574],[77.355,9.604],[77.365,9.535],[77.412,9.511],[77.393,9.46],[77.352,9.445],[77.325,9.337],[77.302,9.337],[77.282,9.298],[77.282,9.217],[77.252,9.189],[77.267,9.154],[77.212,9.101],[77.197,9.047],[77.17,9.047],[77.15,9.01],[77.191,8.965],[77.191,8.927],[77.256,8.878],[77.246,8.813],[77.175,8.737],[77.28,8.539],[77.262,8.505],[77.199,8.506],[77.225,8.446],[77.189,8.435],[77.154,8.377],[77.135,8.379],[77.16,8.313],[77.101,8.312],[76.921,8.096],[77.668,7.859],[78.361,8.16],[78.463,8.351],[78.545,8.847],[78.739,8.933],[79.069,9.022],[79.375,8.984],[79.45,9.147],[79.487,9.424],[79.396,9.549],[79.378,9.667],[79.56,9.923],[80.04,10.096],[80.226,10.825],[79.852,10.828],[79.819,10.811],[79.791,10.846],[79.809,10.867],[79.748,10.895],[79.743,10.882],[79.704,10.919],[79.721,10.935],[79.704,10.952],[79.746,10.943],[79.737,10.989],[79.783,10.967],[79.801,10.986],[80.222,10.984],[80.139,11.516],[80.175,11.748],[79.819,11.84],[79.804,11.859],[79.771,11.841],[79.768,11.88],[79.757,11.854],[79.722,11.858],[79.714,11.889],[79.68,11.882],[79.7,11.919],[79.723,11.918],[79.717,11.892],[79.742,11.909],[79.697,11.959],[79.722,11.991],[79.763,12.003],[79.724,11.977],[79.747,11.964],[79.756,11.923],[79.815,11.98],[79.833,11.957],[80.206,11.843],[80.431,12.333],[80.574,12.786],[80.683,13.454],[80.326,13.444],[80.312,13.369],[80.276,13.389],[80.241,13.47],[80.152,13.479],[80.069,13.538],[80.045,13.522],[80.008,13.532],[79.99,13.51],[80.033,13.502],[80.036,13.484],[80.006,13.488],[79.995,13.46],[79.962,13.451],[79.963,13.418],[79.932,13.404],[79.953,13.374],[79.926,13.336],[79.911,13.344],[79.851,13.303],[79.8,13.304],[79.78,13.282],[79.754,13.303],[79.721,13.272],[79.785,13.224],[79.744,13.195],[79.723,13.222],[79.689,13.208],[79.696,13.234],[79.673,13.229],[79.684,13.257],[79.668,13.282],[79.58,13.245],[79.549,13.267],[79.536,13.311],[79.417,13.322],[79.374,13.303],[79.425,13.282],[79.411,13.212],[79.436,13.23],[79.445,13.217],[79.422,13.208],[79.42,13.184],[79.348,13.163],[79.354,13.13],[79.317,13.119],[79.308,13.097],[79.271,13.138],[79.218,13.136],[79.218,13.104],[79.189,13.084],[79.173,13.019],[79.153,13.007],[79.104,13.024],[79.069,13.014],[78.98,13.076],[78.914,13.068],[78.894,13.035],[78.924,13.019],[78.882,13.02],[78.876,13.086],[78.746,13.046],[78.702,13.056],[78.694,13.005],[78.651,13.018],[78.614,12.979],[78.647,12.919],[78.626,12.919],[78.582,12.771],[78.546,12.744],[78.548,12.686],[78.524,12.68],[78.527,12.701],[78.484,12.735],[78.511,12.702],[78.494,12.704],[78.489,12.663],[78.457,12.662],[78.455,12.612],[78.368,12.612],[78.291,12.653],[78.264,12.692],[78.233,12.694],[78.228,12.674],[78.19,12.681],[78.227,12.715],[78.221,12.753],[78.121,12.77],[78.047,12.842],[78.015,12.846],[78.002,12.795],[77.982,12.796],[77.945,12.849],[77.933,12.813],[77.911,12.819],[77.934,12.856],[77.924,12.878],[77.799,12.852],[77.81,12.796],[77.771,12.76],[77.783,12.739],[77.753,12.725],[77.731,12.664],[77.704,12.674],[77.696,12.651],[77.668,12.65],[77.654,12.674],[77.59,12.658],[77.598,12.621],[77.57,12.558],[77.578,12.507],[77.606,12.5],[77.575,12.468],[77.625,12.477],[77.62,12.408],[77.606,12.36],[77.543,12.284],[77.46,12.249],[77.482,12.233],[77.472,12.207],[77.723,12.182],[77.778,12.11],[77.723,12.056],[77.675,11.952],[77.573,11.924],[77.484,11.932],[77.477,11.876],[77.453,11.889],[77.456,11.839],[77.419,11.751],[77.359,11.779],[77.326,11.759],[77.285,11.799],[77.242,11.803],[77.227,11.784],[77.103,11.763],[77.109,11.713],[77.072,11.725],[77.057,11.777],[77.022,11.765],[77.032,11.784],[77.004,11.803],[76.973,11.801],[76.96,11.765],[76.9,11.783],[76.829,11.644],[76.851,11.602],[76.837,11.575],[76.817,11.597],[76.746,11.61],[76.56,11.61],[76.54,11.671],[76.504,11.698],[76.451,11.655],[76.424,11.659]],[[79.716,11.79],[79.739,11.841],[79.769,11.822],[79.816,11.83],[79.805,11.783],[79.716,11.79]],[[79.66,11.996],[79.688,12.035],[79.72,11.996],[79.687,11.982],[79.66,11.996]],[[79.657,11.958],[79.692,11.968],[79.68,11.947],[79.657,11.958]],[[79.599,11.887],[79.638,11.892],[79.662,11.867],[79.602,11.865],[79.599,11.887]],[[79.842,12.012],[79.85,12.051],[79.875,12.042],[79.859,12.008],[79.842,12.012]],[[79.642,11.821],[79.648,11.844],[79.672,11.814],[79.642,11.821]]],[[[79.772,11.903],[79.788,11.867],[79.8,11.902],[79.772,11.903]]]]},"properties":{"name":"Tamil Nadu","cartodb_id":30,"created_at":"2015-07-02T08:55:51Z","updated_at":"2015-07-02T08:55:51Z"}},
{"type":"Feature","geometry":{"type":"Polygon","coordinates":[[[77.512,15.928],[77.606,15.912],[77.659,15.876],[77.716,15.887],[77.799,15.865],[77.888,15.896],[78.002,15.859],[78.036,15.902],[78.064,15.844],[78.11,15.827],[78.126,15.849],[78.165,15.849],[78.18,15.901],[78.238,15.929],[78.257,16.031],[78.316,16.029],[78.421,16.083],[78.559,16.056],[78.617,16.099],[78.687,16.041],[78.775,16.024],[78.839,16.094],[78.838,16.157],[78.863,16.153],[78.873,16.11],[78.901,16.098],[78.922,16.122],[78.908,16.191],[79.01,16.24],[79.123,16.238],[79.176,16.217],[79.225,16.25],[79.212,16.363],[79.236,16.459],[79.225,16.508],[79.266,16.562],[79.427,16.582],[79.497,16.631],[79.648,16.662],[79.775,16.73],[79.81,16.69],[79.862,16.698],[79.902,16.638],[79.943,16.632],[80.048,16.745],[80.07,16.814],[80.033,16.852],[79.992,16.863],[80.01,16.907],[80.046,16.965],[80.134,16.985],[80.182,17.045],[80.201,17.013],[80.262,17.011],[80.319,16.871],[80.359,16.855],[80.373,16.811],[80.4,16.85],[80.452,16.815],[80.456,16.79],[80.563,16.763],[80.604,16.788],[80.555,16.825],[80.565,16.869],[80.587,16.874],[80.584,16.926],[80.491,16.948],[80.488,16.917],[80.358,16.971],[80.388,17.007],[80.367,17.057],[80.397,17.074],[80.42,17.025],[80.446,17.017],[80.482,17.05],[80.496,17.108],[80.56,17.138],[80.657,17.088],[80.64,17.055],[80.726,17.065],[80.832,17.026],[80.859,17.051],[80.87,17.146],[80.913,17.146],[80.905,17.201],[80.991,17.18],[81.047,17.214],[81.163,17.233],[81.182,17.322],[81.267,17.32],[81.33,17.392],[81.372,17.357],[81.416,17.362],[81.493,17.449],[81.501,17.539],[81.524,17.573],[81.503,17.59],[81.571,17.688],[81.576,17.726],[81.623,17.763],[81.685,17.771],[81.729,17.819],[81.782,17.832],[81.793,17.853],[81.758,17.893],[81.703,17.861],[81.688,17.885],[81.663,17.877],[81.611,17.815],[81.569,17.828],[81.481,17.803],[81.46,17.825],[81.393,17.806],[81.254,17.812],[81.159,17.853],[81.074,17.786],[81.032,17.79],[80.944,18.081],[80.974,18.168],[80.862,18.133],[80.848,18.198],[80.868,18.207],[80.83,18.234],[80.798,18.166],[80.735,18.172],[80.733,18.219],[80.788,18.25],[80.745,18.302],[80.716,18.383],[80.727,18.409],[80.691,18.419],[80.699,18.436],[80.651,18.472],[80.633,18.519],[80.489,18.627],[80.341,18.596],[80.275,18.723],[80.202,18.697],[80.189,18.676],[80.158,18.696],[80.111,18.676],[80.012,18.767],[79.932,18.784],[79.878,18.833],[79.923,18.861],[79.918,19.024],[79.9,19.049],[79.843,19.037],[79.842,19.106],[79.927,19.173],[79.904,19.228],[79.945,19.299],[79.957,19.403],[79.924,19.467],[79.812,19.539],[79.769,19.596],[79.724,19.605],[79.623,19.577],[79.581,19.506],[79.536,19.522],[79.526,19.55],[79.454,19.5],[79.353,19.573],[79.298,19.567],[79.288,19.592],[79.227,19.615],[79.22,19.529],[79.19,19.494],[79.206,19.47],[79.173,19.461],[79.08,19.533],[79.002,19.542],[78.976,19.564],[78.938,19.554],[78.964,19.587],[78.953,19.651],[78.9,19.67],[78.842,19.658],[78.828,19.761],[78.768,19.781],[78.7,19.769],[78.587,19.819],[78.51,19.824],[78.478,19.795],[78.46,19.819],[78.381,19.839],[78.368,19.881],[78.306,19.897],[78.312,19.918],[78.278,19.852],[78.322,19.841],[78.351,19.783],[78.329,19.715],[78.269,19.692],[78.253,19.665],[78.295,19.606],[78.295,19.574],[78.263,19.56],[78.296,19.468],[78.166,19.414],[78.181,19.334],[78.167,19.244],[78.133,19.232],[78.066,19.257],[78.035,19.244],[78.002,19.298],[77.924,19.344],[77.844,19.304],[77.846,19.286],[77.889,19.269],[77.851,19.257],[77.83,19.199],[77.842,19.183],[77.815,19.137],[77.832,19.092],[77.789,19.105],[77.781,19.053],[77.743,19.061],[77.741,19.03],[77.751,18.984],[77.801,18.984],[77.796,18.951],[77.837,18.954],[77.824,18.913],[77.865,18.91],[77.883,18.87],[77.943,18.822],[77.837,18.808],[77.787,18.684],[77.758,18.707],[77.733,18.676],[77.737,18.555],[77.658,18.527],[77.649,18.553],[77.597,18.548],[77.601,18.474],[77.577,18.484],[77.546,18.463],[77.585,18.445],[77.526,18.427],[77.555,18.418],[77.519,18.349],[77.567,18.318],[77.552,18.292],[77.603,18.278],[77.564,18.198],[77.597,18.156],[77.602,18.104],[77.548,18.063],[77.554,18.035],[77.648,17.999],[77.656,17.968],[77.649,17.948],[77.624,17.959],[77.619,17.904],[77.584,17.903],[77.599,17.871],[77.573,17.87],[77.552,17.817],[77.527,17.825],[77.511,17.8],[77.505,17.785],[77.542,17.777],[77.565,17.748],[77.451,17.691],[77.44,17.587],[77.495,17.567],[77.508,17.542],[77.528,17.573],[77.554,17.55],[77.596,17.563],[77.598,17.534],[77.69,17.51],[77.691,17.474],[77.659,17.48],[77.658,17.502],[77.646,17.475],[77.617,17.472],[77.617,17.445],[77.515,17.43],[77.539,17.404],[77.528,17.364],[77.482,17.355],[77.452,17.371],[77.439,17.29],[77.454,17.276],[77.419,17.232],[77.38,17.22],[77.402,17.213],[77.364,17.16],[77.464,17.108],[77.504,17.009],[77.481,16.994],[77.453,16.909],[77.479,16.786],[77.443,16.787],[77.428,16.728],[77.438,16.711],[77.476,16.717],[77.467,16.675],[77.419,16.658],[77.444,16.636],[77.47,16.649],[77.454,16.616],[77.467,16.602],[77.461,16.583],[77.4,16.57],[77.421,16.521],[77.375,16.509],[77.375,16.488],[77.299,16.494],[77.294,16.475],[77.235,16.471],[77.288,16.408],[77.349,16.383],[77.495,16.376],[77.553,16.335],[77.592,16.338],[77.59,16.287],[77.565,16.297],[77.534,16.263],[77.501,16.268],[77.488,16.25],[77.489,16.224],[77.511,16.223],[77.484,16.158],[77.486,16.116],[77.509,16.103],[77.491,16.031],[77.512,15.928]]]},"properties":{"name":"Telangana","cartodb_id":31,"created_at":"2015-07-02T08:55:51Z","updated_at":"2015-07-02T08:55:51Z"}},
{"type":"Feature","geometry":{"type":"Polygon","coordinates":[[[92.297,24.252],[92.213,24.249],[92.273,24.389],[92.231,24.46],[92.231,24.504],[92.169,24.544],[92.133,24.514],[92.121,24.393],[92.086,24.375],[91.975,24.379],[91.989,24.319],[91.948,24.35],[91.92,24.331],[91.932,24.27],[91.893,24.15],[91.839,24.188],[91.832,24.226],[91.758,24.239],[91.755,24.158],[91.704,24.152],[91.657,24.224],[91.634,24.118],[91.612,24.102],[91.546,24.087],[91.373,24.102],[91.361,23.995],[91.298,23.994],[91.229,23.896],[91.255,23.838],[91.216,23.756],[91.159,23.737],[91.159,23.701],[91.2,23.678],[91.19,23.654],[91.162,23.663],[91.159,23.641],[91.208,23.513],[91.249,23.481],[91.282,23.373],[91.315,23.364],[91.289,23.328],[91.355,23.083],[91.402,23.069],[91.378,23.207],[91.393,23.263],[91.417,23.266],[91.493,23.187],[91.518,23.06],[91.564,22.984],[91.602,22.974],[91.614,22.943],[91.647,22.986],[91.725,22.995],[91.82,23.092],[91.768,23.25],[91.784,23.313],[91.845,23.41],[91.933,23.444],[91.966,23.502],[91.937,23.674],[91.95,23.732],[92.031,23.645],[92.07,23.652],[92.152,23.735],[92.194,23.72],[92.212,23.652],[92.252,23.723],[92.27,23.719],[92.259,23.815],[92.287,23.817],[92.275,23.849],[92.292,23.872],[92.32,23.866],[92.331,23.912],[92.311,23.96],[92.337,24.147],[92.297,24.252]]]},"properties":{"name":"Tripura","cartodb_id":32,"created_at":"2015-07-02T08:55:51Z","updated_at":"2015-07-02T08:55:51Z"}},
{"type":"Feature","geometry":{"type":"Polygon","coordinates":[[[77.563,30.404],[77.634,30.411],[77.711,30.339],[77.932,30.247],[77.838,30.112],[77.813,30.09],[77.787,30.1],[77.758,30.048],[77.772,30.026],[77.73,29.987],[77.733,29.913],[77.703,29.868],[77.765,29.785],[77.759,29.714],[77.795,29.701],[77.789,29.686],[77.829,29.669],[77.874,29.702],[77.952,29.705],[77.983,29.637],[77.947,29.59],[77.984,29.588],[77.988,29.546],[78.037,29.553],[78.044,29.593],[78.082,29.602],[78.139,29.676],[78.193,29.71],[78.231,29.704],[78.332,29.796],[78.412,29.772],[78.488,29.741],[78.527,29.624],[78.605,29.562],[78.786,29.476],[78.923,29.456],[78.87,29.392],[78.829,29.368],[78.809,29.383],[78.789,29.33],[78.758,29.35],[78.714,29.319],[78.814,29.252],[78.853,29.261],[78.899,29.202],[78.9,29.151],[78.967,29.165],[79.001,29.117],[79.03,29.125],[79.009,29.136],[79.027,29.172],[79.131,29.129],[79.158,29.023],[79.204,29.029],[79.299,28.953],[79.352,28.953],[79.36,28.97],[79.402,28.932],[79.411,28.856],[79.5,28.863],[79.536,28.892],[79.551,28.846],[79.614,28.869],[79.666,28.848],[79.775,28.892],[79.808,28.863],[79.783,28.805],[79.816,28.812],[79.824,28.845],[79.854,28.844],[79.876,28.818],[79.841,28.809],[79.901,28.802],[79.889,28.786],[79.923,28.733],[79.968,28.716],[80.034,28.761],[80.026,28.8],[80.064,28.84],[80.059,28.917],[80.136,29.01],[80.145,29.105],[80.183,29.137],[80.234,29.116],[80.272,29.139],[80.244,29.213],[80.298,29.205],[80.317,29.314],[80.279,29.348],[80.276,29.392],[80.242,29.411],[80.242,29.443],[80.302,29.452],[80.287,29.477],[80.344,29.512],[80.358,29.533],[80.343,29.553],[80.379,29.561],[80.408,29.597],[80.42,29.639],[80.385,29.674],[80.366,29.748],[80.435,29.806],[80.494,29.796],[80.553,29.851],[80.601,29.958],[80.674,29.957],[80.746,30.005],[80.761,30.049],[80.878,30.128],[80.863,30.169],[80.91,30.223],[80.932,30.183],[81.002,30.187],[81.044,30.205],[81.031,30.247],[80.982,30.271],[80.929,30.266],[80.907,30.304],[80.802,30.323],[80.734,30.401],[80.607,30.471],[80.541,30.449],[80.418,30.524],[80.345,30.52],[80.315,30.565],[80.218,30.58],[80.219,30.643],[80.193,30.666],[80.249,30.72],[80.239,30.762],[80.213,30.753],[80.173,30.809],[80.112,30.78],[80.008,30.866],[79.962,30.889],[79.931,30.881],[79.866,30.972],[79.817,30.972],[79.752,31.006],[79.735,30.98],[79.666,30.983],[79.663,30.964],[79.601,30.939],[79.553,30.958],[79.507,31.032],[79.427,31.023],[79.413,31.108],[79.312,31.148],[79.301,31.219],[79.226,31.261],[79.249,31.285],[79.22,31.317],[79.236,31.335],[79.171,31.363],[79.171,31.399],[79.099,31.455],[79.019,31.427],[79.019,31.349],[78.945,31.366],[78.883,31.286],[78.988,31.174],[79.006,31.114],[78.871,31.107],[78.819,31.147],[78.795,31.205],[78.648,31.195],[78.595,31.236],[78.537,31.207],[78.47,31.204],[78.444,31.244],[78.42,31.26],[78.398,31.248],[78.369,31.288],[78.298,31.288],[78.293,31.266],[78.269,31.271],[78.233,31.235],[78.148,31.232],[78.088,31.191],[78.03,31.185],[78.014,31.155],[77.955,31.179],[77.887,31.155],[77.843,31.081],[77.8,31.062],[77.825,31.008],[77.796,30.97],[77.817,30.953],[77.764,30.977],[77.734,30.96],[77.746,30.922],[77.801,30.913],[77.789,30.858],[77.745,30.881],[77.744,30.83],[77.688,30.769],[77.741,30.711],[77.734,30.686],[77.779,30.664],[77.782,30.619],[77.73,30.598],[77.762,30.563],[77.803,30.564],[77.811,30.533],[77.647,30.433],[77.581,30.43],[77.563,30.404]]]},"properties":{"name":"Uttarakhand","cartodb_id":33,"created_at":"2015-07-02T08:55:51Z","updated_at":"2015-07-02T08:55:51Z"}},
{"type":"Feature","geometry":{"type":"Polygon","coordinates":[[[77.346,28.516],[77.474,28.413],[77.494,28.358],[77.464,28.338],[77.496,28.307],[77.467,28.27],[77.541,28.248],[77.515,28.23],[77.519,28.202],[77.489,28.212],[77.492,28.185],[77.542,28.181],[77.496,28.16],[77.492,28.098],[77.478,28.108],[77.47,28.084],[77.479,28.044],[77.535,27.993],[77.51,27.973],[77.536,27.949],[77.519,27.932],[77.478,27.94],[77.455,27.893],[77.289,27.829],[77.276,27.806],[77.304,27.788],[77.298,27.719],[77.341,27.695],[77.342,27.653],[77.311,27.612],[77.35,27.594],[77.335,27.53],[77.383,27.516],[77.396,27.478],[77.429,27.462],[77.415,27.425],[77.432,27.399],[77.497,27.381],[77.574,27.327],[77.614,27.343],[77.592,27.301],[77.644,27.239],[77.639,27.217],[77.673,27.2],[77.655,27.176],[77.605,27.169],[77.591,27.123],[77.499,27.095],[77.521,27.067],[77.566,27.078],[77.557,27.037],[77.627,27.016],[77.673,27.052],[77.704,27],[77.735,27.034],[77.755,27.023],[77.736,26.988],[77.649,26.974],[77.422,26.867],[77.428,26.77],[77.464,26.769],[77.448,26.747],[77.497,26.774],[77.481,26.788],[77.498,26.848],[77.521,26.822],[77.605,26.833],[77.716,26.881],[77.719,26.917],[77.753,26.938],[77.89,26.889],[77.9,26.925],[77.942,26.9],[78.007,26.911],[78.022,26.861],[78.048,26.875],[78.042,26.915],[78.102,26.905],[78.108,26.95],[78.205,26.939],[78.216,26.954],[78.261,26.932],[78.226,26.883],[78.191,26.888],[78.21,26.826],[78.267,26.813],[78.281,26.854],[78.364,26.868],[78.396,26.82],[78.433,26.826],[78.462,26.788],[78.576,26.748],[78.627,26.773],[78.672,26.763],[78.684,26.788],[78.725,26.797],[78.731,26.775],[78.751,26.788],[78.771,26.76],[78.819,26.762],[78.865,26.705],[78.948,26.697],[78.938,26.663],[78.997,26.681],[79.006,26.611],[78.98,26.574],[78.991,26.583],[78.998,26.551],[79.021,26.552],[79.061,26.503],[79.048,26.456],[79.127,26.445],[79.117,26.417],[79.087,26.418],[79.077,26.366],[79.134,26.345],[79.116,26.335],[79.126,26.316],[79.094,26.312],[79.084,26.273],[79.067,26.288],[79.037,26.267],[79.057,26.233],[79.017,26.232],[79.015,26.198],[78.977,26.195],[79.001,26.155],[78.943,26.139],[79.004,26.09],[78.944,26.037],[78.929,25.949],[78.876,25.916],[78.882,25.87],[78.847,25.86],[78.862,25.799],[78.811,25.83],[78.799,25.818],[78.82,25.799],[78.746,25.744],[78.811,25.674],[78.805,25.624],[78.677,25.594],[78.649,25.566],[78.606,25.589],[78.581,25.564],[78.486,25.582],[78.455,25.552],[78.426,25.562],[78.409,25.533],[78.421,25.478],[78.377,25.448],[78.348,25.455],[78.333,25.405],[78.3,25.384],[78.331,25.337],[78.308,25.311],[78.345,25.298],[78.354,25.246],[78.398,25.218],[78.385,25.195],[78.446,25.169],[78.418,25.153],[78.443,25.129],[78.395,25.131],[78.328,25.089],[78.328,25],[78.165,24.882],[78.165,24.848],[78.192,24.84],[78.236,24.766],[78.22,24.747],[78.268,24.67],[78.259,24.558],[78.22,24.523],[78.27,24.476],[78.261,24.454],[78.361,24.386],[78.326,24.33],[78.383,24.274],[78.435,24.298],[78.505,24.394],[78.578,24.357],[78.669,24.245],[78.699,24.234],[78.732,24.254],[78.746,24.239],[78.76,24.258],[78.785,24.185],[78.802,24.182],[78.813,24.21],[78.879,24.223],[78.908,24.301],[78.967,24.354],[78.982,24.447],[78.944,24.443],[78.901,24.488],[78.966,24.497],[78.873,24.647],[78.829,24.608],[78.75,24.605],[78.74,24.66],[78.772,24.704],[78.765,24.795],[78.78,24.815],[78.764,24.861],[78.668,24.902],[78.622,24.965],[78.642,25.062],[78.597,25.098],[78.569,25.259],[78.497,25.294],[78.445,25.27],[78.429,25.281],[78.492,25.324],[78.5,25.304],[78.525,25.306],[78.541,25.327],[78.525,25.363],[78.576,25.352],[78.561,25.396],[78.588,25.392],[78.603,25.417],[78.629,25.406],[78.653,25.444],[78.686,25.448],[78.701,25.429],[78.669,25.404],[78.656,25.42],[78.658,25.388],[78.709,25.379],[78.713,25.353],[78.764,25.358],[78.743,25.413],[78.813,25.43],[78.755,25.434],[78.725,25.463],[78.737,25.494],[78.83,25.466],[78.846,25.455],[78.814,25.447],[78.834,25.432],[78.857,25.467],[78.829,25.51],[78.876,25.524],[78.886,25.561],[78.917,25.541],[78.926,25.56],[78.942,25.551],[78.916,25.521],[78.936,25.48],[78.903,25.447],[78.929,25.428],[78.96,25.439],[78.978,25.376],[78.928,25.352],[78.892,25.375],[78.931,25.377],[78.949,25.4],[78.875,25.388],[78.838,25.352],[78.844,25.332],[78.783,25.303],[78.812,25.3],[78.806,25.271],[78.842,25.229],[78.877,25.344],[78.928,25.332],[78.956,25.348],[78.97,25.285],[78.94,25.263],[78.909,25.274],[78.892,25.245],[78.876,25.256],[78.874,25.163],[78.949,25.22],[78.996,25.196],[78.995,25.234],[78.971,25.245],[78.993,25.278],[79.012,25.274],[79.012,25.249],[79.056,25.226],[79.022,25.147],[79.043,25.138],[79.084,25.193],[79.12,25.164],[79.108,25.144],[79.129,25.111],[79.179,25.118],[79.167,25.142],[79.185,25.151],[79.206,25.114],[79.24,25.118],[79.243,25.141],[79.214,25.149],[79.246,25.162],[79.258,25.124],[79.301,25.131],[79.314,25.151],[79.279,25.197],[79.274,25.248],[79.333,25.201],[79.347,25.214],[79.332,25.276],[79.31,25.262],[79.288,25.29],[79.262,25.268],[79.26,25.31],[79.295,25.34],[79.345,25.335],[79.331,25.294],[79.358,25.264],[79.367,25.294],[79.415,25.259],[79.457,25.284],[79.49,25.27],[79.459,25.269],[79.427,25.225],[79.443,25.212],[79.408,25.207],[79.384,25.17],[79.399,25.113],[79.431,25.135],[79.431,25.108],[79.463,25.117],[79.461,25.096],[79.49,25.083],[79.565,25.178],[79.59,25.147],[79.603,25.155],[79.598,25.132],[79.746,25.144],[79.856,25.099],[79.848,25.133],[79.872,25.15],[79.847,25.24],[79.903,25.257],[79.914,25.233],[79.943,25.272],[79.997,25.269],[80.021,25.343],[80.083,25.356],[80.127,25.341],[80.188,25.384],[80.194,25.416],[80.245,25.405],[80.256,25.429],[80.309,25.392],[80.304,25.289],[80.378,25.237],[80.399,25.243],[80.424,25.174],[80.351,25.145],[80.267,25.03],[80.314,25.004],[80.359,25.026],[80.382,25.01],[80.366,25.058],[80.441,25.082],[80.47,25.045],[80.494,25.045],[80.5,25.09],[80.474,25.102],[80.51,25.101],[80.543,25.068],[80.563,25.091],[80.607,25.072],[80.588,25.109],[80.595,25.155],[80.632,25.123],[80.601,25.104],[80.656,25.075],[80.679,25.082],[80.674,25.054],[80.727,25.072],[80.776,25.062],[80.776,25.084],[80.721,25.101],[80.725,25.123],[80.7,25.137],[80.799,25.146],[80.828,25.11],[80.836,25.193],[80.878,25.195],[80.905,25.16],[80.865,25.124],[80.879,25.066],[80.833,25.031],[80.848,24.998],[80.79,24.972],[80.802,24.944],[80.9,24.939],[80.897,24.957],[80.937,24.972],[80.951,24.927],[81.017,24.932],[81.01,24.954],[81.076,24.952],[81.134,24.894],[81.164,24.96],[81.199,24.935],[81.184,24.929],[81.212,24.935],[81.202,24.996],[81.262,25.068],[81.246,25.105],[81.269,25.168],[81.305,25.167],[81.317,25.116],[81.313,25.164],[81.33,25.173],[81.391,25.123],[81.43,25.133],[81.438,25.11],[81.401,25.108],[81.484,25.075],[81.508,25.107],[81.472,25.135],[81.495,25.152],[81.525,25.144],[81.508,25.185],[81.567,25.196],[81.582,25.168],[81.619,25.16],[81.592,25.137],[81.601,25.1],[81.617,25.123],[81.632,25.103],[81.594,25.08],[81.605,25.061],[81.658,25.08],[81.682,25.044],[81.733,25.049],[81.789,25.01],[81.829,25.019],[81.886,24.993],[81.9,25.007],[81.912,24.931],[81.897,24.893],[81.959,24.831],[82.005,24.851],[82.112,24.792],[82.159,24.792],[82.196,24.824],[82.179,24.805],[82.209,24.782],[82.189,24.782],[82.173,24.74],[82.214,24.728],[82.199,24.752],[82.223,24.752],[82.221,24.767],[82.238,24.754],[82.244,24.776],[82.23,24.67],[82.253,24.666],[82.263,24.687],[82.296,24.67],[82.294,24.614],[82.33,24.624],[82.409,24.598],[82.402,24.684],[82.432,24.706],[82.445,24.68],[82.518,24.678],[82.529,24.652],[82.666,24.7],[82.696,24.676],[82.695,24.644],[82.763,24.645],[82.76,24.6],[82.796,24.6],[82.801,24.553],[82.746,24.542],[82.712,24.556],[82.716,24.513],[82.736,24.5],[82.707,24.385],[82.761,24.373],[82.764,24.292],[82.75,24.236],[82.727,24.223],[82.72,24.139],[82.671,24.158],[82.658,24.135],[82.708,24.081],[82.766,24.078],[82.742,24.022],[82.797,24.005],[82.808,23.963],[82.939,23.876],[83.087,23.878],[83.19,23.921],[83.216,23.989],[83.276,24.023],[83.289,24.073],[83.323,24.101],[83.402,24.266],[83.376,24.315],[83.451,24.365],[83.43,24.404],[83.4,24.409],[83.381,24.455],[83.393,24.501],[83.498,24.527],[83.542,24.625],[83.497,24.652],[83.513,24.683],[83.481,24.706],[83.48,24.738],[83.453,24.733],[83.387,24.784],[83.39,24.833],[83.354,24.871],[83.344,25.01],[83.316,25.027],[83.357,25.124],[83.336,25.183],[83.35,25.199],[83.388,25.207],[83.409,25.249],[83.46,25.252],[83.535,25.315],[83.622,25.33],[83.65,25.368],[83.689,25.371],[83.675,25.378],[83.695,25.396],[83.732,25.41],[83.762,25.388],[83.799,25.411],[83.794,25.432],[83.839,25.437],[83.81,25.466],[83.851,25.474],[83.921,25.562],[84.076,25.637],[84.07,25.695],[84.095,25.72],[84.148,25.731],[84.194,25.703],[84.203,25.67],[84.285,25.662],[84.284,25.677],[84.318,25.672],[84.331,25.744],[84.38,25.748],[84.402,25.699],[84.449,25.715],[84.488,25.678],[84.525,25.684],[84.536,25.727],[84.531,25.693],[84.552,25.684],[84.556,25.736],[84.631,25.728],[84.6,25.761],[84.62,25.794],[84.557,25.838],[84.527,25.834],[84.529,25.878],[84.423,25.893],[84.408,25.931],[84.351,25.959],[84.296,25.947],[84.202,26],[84.166,25.992],[84.167,26.025],[84.091,26.096],[84.049,26.099],[84.018,26.145],[84.028,26.163],[84.002,26.19],[84.024,26.22],[84.005,26.234],[84.079,26.221],[84.113,26.262],[84.157,26.244],[84.182,26.317],[84.171,26.374],[84.072,26.384],[84.011,26.448],[83.982,26.434],[83.902,26.45],[83.902,26.518],[83.963,26.508],[83.974,26.532],[84.043,26.541],[84.083,26.599],[84.082,26.643],[84.272,26.599],[84.414,26.627],[84.402,26.671],[84.326,26.684],[84.298,26.753],[84.248,26.729],[84.234,26.74],[84.252,26.809],[84.241,26.863],[84.209,26.871],[84.169,26.835],[84.132,26.855],[84.141,26.888],[84.052,26.892],[84.048,26.932],[84.025,26.943],[84.047,26.962],[84.041,27.045],[83.991,27.069],[84.021,27.095],[83.941,27.09],[83.985,27.182],[83.976,27.203],[83.955,27.235],[83.902,27.252],[83.924,27.317],[83.908,27.33],[83.855,27.311],[83.829,27.323],[83.858,27.35],[83.614,27.469],[83.39,27.48],[83.402,27.457],[83.384,27.437],[83.405,27.405],[83.359,27.343],[83.305,27.331],[83.188,27.454],[83.035,27.449],[82.954,27.468],[82.929,27.501],[82.736,27.502],[82.758,27.586],[82.712,27.663],[82.708,27.723],[82.449,27.679],[82.209,27.843],[82.121,27.866],[82.07,27.924],[81.968,27.929],[81.926,27.86],[81.885,27.857],[81.698,27.988],[81.625,28.001],[81.478,28.083],[81.484,28.119],[81.446,28.156],[81.382,28.173],[81.367,28.141],[81.32,28.13],[81.298,28.158],[81.32,28.173],[81.312,28.193],[81.247,28.258],[81.194,28.367],[81.019,28.404],[81.007,28.443],[80.939,28.441],[80.901,28.463],[80.893,28.506],[80.831,28.505],[80.752,28.572],[80.695,28.584],[80.663,28.633],[80.585,28.654],[80.593,28.679],[80.553,28.692],[80.504,28.665],[80.531,28.572],[80.518,28.551],[80.47,28.584],[80.452,28.629],[80.361,28.636],[80.316,28.701],[80.257,28.73],[80.251,28.758],[80.217,28.754],[80.124,28.824],[80.064,28.84],[80.026,28.8],[80.034,28.761],[79.968,28.716],[79.923,28.733],[79.889,28.786],[79.901,28.802],[79.841,28.809],[79.876,28.818],[79.854,28.844],[79.824,28.845],[79.816,28.812],[79.783,28.805],[79.808,28.863],[79.775,28.892],[79.666,28.848],[79.614,28.869],[79.551,28.846],[79.536,28.892],[79.5,28.863],[79.411,28.856],[79.402,28.932],[79.36,28.97],[79.352,28.953],[79.299,28.953],[79.204,29.029],[79.158,29.023],[79.131,29.129],[79.027,29.172],[79.009,29.136],[79.03,29.125],[79.001,29.117],[78.967,29.165],[78.9,29.151],[78.899,29.202],[78.853,29.261],[78.814,29.252],[78.714,29.319],[78.758,29.35],[78.789,29.33],[78.809,29.383],[78.829,29.368],[78.87,29.392],[78.923,29.456],[78.786,29.476],[78.605,29.562],[78.527,29.624],[78.488,29.741],[78.412,29.772],[78.332,29.796],[78.231,29.704],[78.193,29.71],[78.139,29.676],[78.082,29.602],[78.044,29.593],[78.037,29.553],[77.988,29.546],[77.984,29.588],[77.947,29.59],[77.983,29.637],[77.952,29.705],[77.874,29.702],[77.829,29.669],[77.789,29.686],[77.795,29.701],[77.759,29.714],[77.765,29.785],[77.703,29.868],[77.733,29.913],[77.73,29.987],[77.772,30.026],[77.758,30.048],[77.787,30.1],[77.813,30.09],[77.838,30.112],[77.932,30.247],[77.711,30.339],[77.634,30.411],[77.563,30.404],[77.575,30.384],[77.595,30.359],[77.584,30.305],[77.52,30.26],[77.473,30.189],[77.424,30.168],[77.398,30.119],[77.414,30.107],[77.271,30.048],[77.263,30.002],[77.18,29.906],[77.152,29.793],[77.118,29.776],[77.143,29.706],[77.119,29.686],[77.131,29.666],[77.095,29.58],[77.11,29.553],[77.085,29.534],[77.139,29.442],[77.126,29.411],[77.147,29.39],[77.118,29.357],[77.154,29.335],[77.13,29.273],[77.139,29.135],[77.122,29.106],[77.214,29.006],[77.199,28.958],[77.232,28.897],[77.209,28.857],[77.224,28.822],[77.202,28.814],[77.207,28.787],[77.291,28.706],[77.331,28.713],[77.316,28.641],[77.342,28.608],[77.293,28.576],[77.346,28.516]]]},"properties":{"name":"Uttar Pradesh","cartodb_id":34,"created_at":"2015-07-02T08:55:51Z","updated_at":"2015-07-02T08:55:51Z"}},
{"type":"Feature","geometry":{"type":"Polygon","coordinates":[[[86.723,22.215],[86.715,22.143],[86.79,22.154],[86.832,22.095],[86.957,22.083],[87.018,22.041],[87.034,21.989],[86.998,21.907],[87.03,21.865],[87.094,21.86],[87.094,21.908],[87.158,21.931],[87.168,21.973],[87.235,21.954],[87.252,21.918],[87.235,21.895],[87.273,21.802],[87.352,21.786],[87.37,21.76],[87.444,21.761],[87.443,21.729],[87.471,21.707],[87.459,21.645],[87.482,21.626],[87.482,21.304],[87.675,21.34],[88.376,21.259],[88.78,21.301],[89.14,21.427],[89.14,21.608],[89.029,21.791],[89.044,21.861],[89.024,21.907],[89.073,21.929],[89.083,21.992],[89.04,22.102],[89.098,22.155],[89.07,22.15],[89.071,22.197],[88.996,22.286],[89.024,22.299],[88.985,22.326],[88.992,22.391],[88.972,22.411],[89,22.43],[88.996,22.469],[88.942,22.56],[88.96,22.617],[88.935,22.619],[88.927,22.652],[88.962,22.694],[88.912,22.758],[88.959,22.797],[88.969,22.845],[88.945,22.881],[88.911,22.88],[88.894,22.952],[88.86,22.943],[88.871,22.979],[88.845,23.009],[88.88,23.007],[88.868,23.101],[88.996,23.213],[88.975,23.224],[88.943,23.206],[88.907,23.236],[88.824,23.234],[88.812,23.257],[88.811,23.222],[88.79,23.219],[88.769,23.245],[88.725,23.248],[88.711,23.309],[88.763,23.368],[88.747,23.396],[88.793,23.494],[88.781,23.504],[88.749,23.467],[88.652,23.556],[88.641,23.608],[88.578,23.603],[88.591,23.638],[88.556,23.649],[88.579,23.762],[88.555,23.785],[88.6,23.817],[88.575,23.863],[88.619,23.879],[88.67,23.868],[88.737,23.919],[88.74,23.986],[88.723,24.002],[88.747,24.032],[88.699,24.091],[88.708,24.171],[88.745,24.193],[88.738,24.251],[88.691,24.317],[88.652,24.294],[88.498,24.321],[88.324,24.434],[88.126,24.509],[88.082,24.626],[88.008,24.669],[88.063,24.725],[88.068,24.771],[88.104,24.781],[88.109,24.813],[88.162,24.851],[88.137,24.938],[88.223,24.962],[88.263,24.92],[88.264,24.886],[88.343,24.87],[88.46,25.069],[88.439,25.208],[88.463,25.195],[88.499,25.211],[88.564,25.175],[88.613,25.204],[88.709,25.208],[88.749,25.177],[88.769,25.19],[88.806,25.171],[88.844,25.214],[88.923,25.164],[88.948,25.177],[88.937,25.211],[88.961,25.209],[88.954,25.253],[88.989,25.275],[89.008,25.264],[89.009,25.303],[88.93,25.304],[88.906,25.338],[88.884,25.326],[88.841,25.364],[88.841,25.398],[88.814,25.411],[88.84,25.458],[88.81,25.524],[88.76,25.526],[88.766,25.496],[88.723,25.502],[88.699,25.471],[88.647,25.478],[88.649,25.497],[88.609,25.517],[88.539,25.509],[88.533,25.542],[88.494,25.559],[88.5,25.584],[88.445,25.597],[88.454,25.665],[88.371,25.697],[88.374,25.717],[88.266,25.783],[88.269,25.808],[88.21,25.786],[88.184,25.802],[88.152,25.776],[88.115,25.798],[88.086,25.915],[88.122,25.947],[88.139,26.013],[88.182,26.025],[88.183,26.073],[88.159,26.08],[88.178,26.149],[88.351,26.22],[88.35,26.282],[88.415,26.315],[88.403,26.329],[88.435,26.336],[88.458,26.377],[88.482,26.35],[88.524,26.36],[88.486,26.46],[88.372,26.488],[88.352,26.448],[88.332,26.482],[88.409,26.638],[88.436,26.545],[88.485,26.541],[88.489,26.51],[88.521,26.511],[88.526,26.481],[88.557,26.485],[88.56,26.458],[88.592,26.45],[88.594,26.471],[88.623,26.471],[88.624,26.435],[88.702,26.389],[88.681,26.38],[88.705,26.333],[88.746,26.347],[88.748,26.321],[88.675,26.32],[88.71,26.287],[88.668,26.297],[88.666,26.263],[88.746,26.289],[88.749,26.309],[88.793,26.31],[88.819,26.295],[88.813,26.256],[88.842,26.231],[88.878,26.234],[88.862,26.273],[88.898,26.289],[88.927,26.283],[88.953,26.242],[89.051,26.242],[89.061,26.291],[89.04,26.277],[89.022,26.309],[89.018,26.29],[89.007,26.305],[88.995,26.292],[88.982,26.309],[89.001,26.33],[88.961,26.352],[88.952,26.332],[88.953,26.365],[88.919,26.359],[88.905,26.409],[88.929,26.408],[88.957,26.459],[88.994,26.411],[89.093,26.394],[89.079,26.363],[89.101,26.337],[89.084,26.323],[89.136,26.32],[89.123,26.287],[89.105,26.316],[89.1,26.28],[89.141,26.236],[89.155,26.138],[89.23,26.124],[89.267,26.092],[89.254,26.064],[89.282,26.066],[89.349,26.01],[89.393,26.007],[89.424,26.048],[89.43,26.012],[89.544,26.006],[89.54,25.97],[89.576,25.969],[89.579,26.026],[89.605,26.064],[89.65,26.063],[89.63,26.107],[89.608,26.089],[89.594,26.102],[89.63,26.118],[89.596,26.135],[89.608,26.179],[89.658,26.177],[89.628,26.185],[89.649,26.191],[89.634,26.23],[89.672,26.22],[89.679,26.238],[89.692,26.213],[89.674,26.202],[89.701,26.173],[89.682,26.164],[89.702,26.152],[89.719,26.166],[89.734,26.175],[89.706,26.173],[89.712,26.203],[89.731,26.215],[89.697,26.217],[89.729,26.238],[89.701,26.261],[89.738,26.271],[89.716,26.302],[89.757,26.289],[89.75,26.322],[89.857,26.384],[89.847,26.403],[89.827,26.397],[89.87,26.448],[89.853,26.488],[89.878,26.584],[89.857,26.624],[89.876,26.649],[89.863,26.703],[89.771,26.702],[89.752,26.735],[89.625,26.723],[89.645,26.777],[89.557,26.814],[89.469,26.804],[89.44,26.841],[89.39,26.842],[89.379,26.862],[89.262,26.815],[89.131,26.812],[89.102,26.836],[89.096,26.891],[89.047,26.898],[89.016,26.938],[88.979,26.919],[88.945,26.933],[88.952,26.97],[88.922,26.993],[88.876,26.953],[88.87,27.109],[88.746,27.142],[88.725,27.139],[88.692,27.179],[88.656,27.162],[88.608,27.19],[88.544,27.184],[88.522,27.173],[88.534,27.15],[88.433,27.079],[88.278,27.131],[88.239,27.119],[88.181,27.132],[88.152,27.112],[88.086,27.141],[88.062,27.211],[88.014,27.213],[87.991,27.107],[88.021,27.088],[88.037,27.037],[88.077,27.036],[88.092,27.005],[88.135,26.985],[88.12,26.951],[88.146,26.921],[88.136,26.898],[88.172,26.868],[88.189,26.761],[88.166,26.642],[88.1,26.539],[88.145,26.511],[88.168,26.537],[88.231,26.552],[88.234,26.533],[88.179,26.491],[88.194,26.472],[88.226,26.476],[88.215,26.466],[88.268,26.418],[88.229,26.39],[88.238,26.376],[88.267,26.381],[88.292,26.354],[88.214,26.282],[88.144,26.253],[88.07,26.176],[88.037,26.178],[88.013,26.141],[87.964,26.152],[87.957,26.129],[87.976,26.122],[87.954,26.103],[87.972,26.085],[87.931,26.069],[87.913,26.091],[87.842,26.045],[87.83,25.935],[87.804,25.914],[87.823,25.872],[87.911,25.852],[87.883,25.829],[87.911,25.815],[87.899,25.77],[87.933,25.771],[87.961,25.725],[88.048,25.69],[88.036,25.637],[88.054,25.633],[88.021,25.587],[88.036,25.537],[88.073,25.504],[88.07,25.48],[88.046,25.483],[88.007,25.51],[87.993,25.498],[87.988,25.524],[87.956,25.538],[87.914,25.531],[87.899,25.505],[87.879,25.516],[87.863,25.465],[87.834,25.464],[87.809,25.434],[87.787,25.449],[87.759,25.405],[87.789,25.372],[87.784,25.332],[87.856,25.283],[87.823,25.234],[87.837,25.199],[87.788,25.22],[87.776,25.091],[87.864,25.04],[87.97,24.924],[87.974,24.897],[87.889,24.853],[87.899,24.824],[87.867,24.821],[87.878,24.801],[87.85,24.761],[87.833,24.788],[87.818,24.766],[87.904,24.715],[87.887,24.674],[87.913,24.658],[87.885,24.627],[87.902,24.612],[87.873,24.611],[87.908,24.608],[87.905,24.584],[87.848,24.551],[87.769,24.582],[87.806,24.545],[87.795,24.491],[87.807,24.511],[87.823,24.494],[87.785,24.414],[87.81,24.406],[87.756,24.303],[87.71,24.292],[87.681,24.246],[87.636,24.243],[87.638,24.212],[87.693,24.186],[87.689,24.15],[87.569,24.156],[87.608,24.129],[87.569,24.107],[87.576,24.085],[87.494,24.115],[87.491,24.052],[87.511,24.04],[87.483,24.013],[87.434,24.008],[87.458,23.981],[87.357,24.009],[87.328,23.996],[87.332,24.031],[87.238,24.041],[87.241,24.006],[87.261,24.003],[87.262,23.966],[87.292,23.939],[87.292,23.89],[87.271,23.873],[87.248,23.907],[87.243,23.826],[87.218,23.831],[87.236,23.853],[87.189,23.841],[87.196,23.854],[87.136,23.868],[87.13,23.851],[87.166,23.819],[87.124,23.795],[86.967,23.865],[86.937,23.845],[86.895,23.88],[86.875,23.862],[86.882,23.815],[86.871,23.844],[86.821,23.811],[86.793,23.832],[86.82,23.761],[86.796,23.694],[86.736,23.679],[86.694,23.695],[86.592,23.671],[86.528,23.629],[86.44,23.629],[86.44,23.609],[86.381,23.584],[86.358,23.543],[86.354,23.497],[86.372,23.483],[86.3,23.444],[86.314,23.428],[86.3,23.42],[86.278,23.441],[86.243,23.419],[86.225,23.435],[86.239,23.47],[86.221,23.456],[86.145,23.473],[86.145,23.568],[86.047,23.584],[86.011,23.552],[86.047,23.493],[85.944,23.455],[85.878,23.476],[85.859,23.451],[85.896,23.371],[85.866,23.365],[85.878,23.324],[85.826,23.263],[85.831,23.195],[85.858,23.194],[85.921,23.126],[86.037,23.144],[86.048,23.109],[86.138,23.08],[86.154,23.037],[86.206,22.994],[86.298,23.013],[86.393,22.974],[86.416,22.995],[86.497,22.99],[86.512,22.966],[86.54,22.987],[86.518,22.944],[86.484,22.934],[86.47,22.949],[86.433,22.923],[86.463,22.897],[86.433,22.861],[86.416,22.777],[86.507,22.701],[86.539,22.721],[86.618,22.673],[86.652,22.576],[86.756,22.574],[86.799,22.499],[86.789,22.474],[86.748,22.479],[86.764,22.423],[86.844,22.396],[86.829,22.324],[86.886,22.294],[86.886,22.252],[86.816,22.25],[86.812,22.264],[86.8,22.241],[86.79,22.263],[86.793,22.239],[86.81,22.238],[86.8,22.214],[86.776,22.214],[86.78,22.232],[86.767,22.211],[86.723,22.215]]]},"properties":{"name":"West Bengal","cartodb_id":35,"created_at":"2015-07-02T08:55:51Z","updated_at":"2015-07-02T08:55:51Z"}},
{"type":"Feature","geometry":{"type":"Polygon","coordinates":[[[76.828,30.764],[76.793,30.767],[76.796,30.786],[76.769,30.777],[76.759,30.799],[76.691,30.76],[76.752,30.685],[76.789,30.671],[76.817,30.687],[76.828,30.764]]]},"properties":{"name":"Chandigarh","cartodb_id":5,"created_at":"2015-07-02T08:55:51Z","updated_at":"2015-07-02T08:55:51Z"}},
{"type":"Feature","geometry":{"type":"Polygon","coordinates":[[[83.323,24.101],[83.289,24.073],[83.276,24.023],[83.216,23.989],[83.19,23.921],[83.087,23.878],[82.939,23.876],[82.808,23.963],[82.748,23.923],[82.657,23.908],[82.652,23.856],[82.586,23.823],[82.527,23.824],[82.545,23.794],[82.516,23.784],[82.46,23.811],[82.328,23.804],[82.255,23.822],[82.226,23.807],[82.204,23.853],[82.162,23.82],[82.046,23.821],[82.001,23.863],[81.951,23.853],[81.916,23.873],[81.853,23.824],[81.782,23.812],[81.719,23.84],[81.723,23.859],[81.662,23.926],[81.61,23.907],[81.606,23.838],[81.628,23.834],[81.64,23.771],[81.687,23.721],[81.643,23.66],[81.613,23.661],[81.603,23.6],[81.57,23.588],[81.577,23.555],[81.606,23.551],[81.607,23.507],[81.628,23.49],[81.654,23.531],[81.693,23.523],[81.736,23.567],[81.805,23.546],[81.827,23.511],[81.91,23.535],[81.949,23.497],[81.976,23.413],[82.016,23.423],[82.014,23.388],[82.046,23.378],[82.099,23.398],[82.108,23.358],[82.138,23.362],[82.186,23.325],[82.187,23.278],[82.142,23.228],[82.151,23.142],[82.116,23.104],[82.067,23.117],[82.024,23.08],[81.938,23.078],[81.918,23.041],[81.94,22.957],[81.86,22.915],[81.856,22.891],[81.77,22.873],[81.784,22.766],[81.747,22.726],[81.765,22.669],[81.749,22.646],[81.723,22.676],[81.707,22.65],[81.657,22.632],[81.649,22.569],[81.624,22.564],[81.616,22.539],[81.519,22.54],[81.48,22.493],[81.438,22.494],[81.448,22.467],[81.424,22.479],[81.397,22.441],[81.379,22.505],[81.323,22.524],[81.316,22.49],[81.275,22.499],[81.218,22.452],[81.171,22.488],[81.105,22.433],[81.114,22.295],[81.085,22.247],[81.101,22.444],[81.016,22.22],[81.016,22.133],[80.972,22.122],[81.004,22.097],[81.004,22.07],[80.988,22.048],[80.964,22.058],[80.951,22.113],[80.911,22.119],[80.846,21.961],[80.819,21.957],[80.84,21.853],[80.811,21.747],[80.743,21.758],[80.719,21.712],[80.709,21.587],[80.73,21.472],[80.657,21.331],[80.673,21.298],[80.635,21.25],[80.457,21.173],[80.433,21.097],[80.448,21.037],[80.424,21.01],[80.449,20.945],[80.465,20.927],[80.542,20.934],[80.546,20.765],[80.578,20.694],[80.481,20.617],[80.512,20.585],[80.568,20.612],[80.622,20.604],[80.586,20.395],[80.617,20.326],[80.542,20.307],[80.511,20.27],[80.383,20.242],[80.414,20.19],[80.386,20.163],[80.394,20.144],[80.44,20.129],[80.491,20.142],[80.54,20.11],[80.546,20.066],[80.546,19.987],[80.52,19.931],[80.481,19.928],[80.444,19.953],[80.407,19.932],[80.408,19.906],[80.483,19.899],[80.498,19.869],[80.431,19.81],[80.398,19.816],[80.395,19.795],[80.452,19.793],[80.478,19.772],[80.46,19.811],[80.476,19.828],[80.543,19.819],[80.54,19.775],[80.665,19.691],[80.657,19.612],[80.721,19.608],[80.785,19.561],[80.828,19.563],[80.886,19.509],[80.892,19.466],[80.788,19.427],[80.845,19.361],[80.749,19.287],[80.692,19.281],[80.679,19.331],[80.612,19.311],[80.596,19.38],[80.567,19.403],[80.525,19.344],[80.481,19.336],[80.447,19.264],[80.393,19.246],[80.392,19.184],[80.33,19.137],[80.33,19.073],[80.298,19.051],[80.302,19.022],[80.273,18.983],[80.275,18.933],[80.354,18.826],[80.246,18.763],[80.275,18.723],[80.341,18.596],[80.489,18.627],[80.633,18.519],[80.651,18.472],[80.699,18.436],[80.691,18.419],[80.727,18.409],[80.716,18.383],[80.745,18.302],[80.788,18.25],[80.733,18.219],[80.735,18.172],[80.798,18.166],[80.83,18.234],[80.868,18.207],[80.848,18.198],[80.862,18.133],[80.974,18.168],[80.944,18.081],[81.032,17.79],[81.074,17.786],[81.159,17.853],[81.254,17.812],[81.393,17.806],[81.394,17.885],[81.437,17.876],[81.477,17.97],[81.474,18.028],[81.509,18.092],[81.522,18.157],[81.505,18.184],[81.528,18.259],[81.593,18.301],[81.658,18.311],[81.658,18.339],[81.745,18.345],[81.762,18.411],[81.858,18.513],[81.897,18.528],[81.909,18.564],[81.943,18.555],[81.955,18.587],[81.888,18.621],[81.885,18.65],[81.947,18.629],[81.957,18.683],[82.034,18.719],[82.079,18.712],[82.085,18.759],[82.129,18.758],[82.161,18.791],[82.173,18.896],[82.24,18.911],[82.225,19.015],[82.194,19.06],[82.212,19.09],[82.2,19.118],[82.16,19.127],[82.179,19.159],[82.152,19.265],[82.183,19.32],[82.141,19.366],[82.166,19.366],[82.183,19.418],[82.119,19.424],[82.092,19.51],[82.022,19.502],[82.046,19.539],[82.038,19.704],[82.06,19.783],[81.98,19.796],[81.96,19.855],[81.85,19.908],[81.837,19.95],[81.86,20.023],[81.941,20.102],[82.024,20.01],[82.058,20.05],[82.179,19.978],[82.231,19.998],[82.34,19.83],[82.439,19.903],[82.597,19.861],[82.571,19.822],[82.585,19.771],[82.646,19.825],[82.703,19.831],[82.711,19.983],[82.632,20],[82.598,19.986],[82.391,20.06],[82.379,20.145],[82.414,20.202],[82.405,20.263],[82.429,20.283],[82.394,20.336],[82.429,20.426],[82.41,20.473],[82.388,20.453],[82.381,20.51],[82.324,20.554],[82.368,20.624],[82.335,20.758],[82.347,20.884],[82.402,20.862],[82.415,20.826],[82.459,20.824],[82.486,20.903],[82.546,20.935],[82.622,21.036],[82.609,21.071],[82.645,21.102],[82.636,21.15],[82.752,21.16],[82.789,21.139],[82.812,21.159],[82.879,21.149],[82.956,21.176],[82.965,21.156],[83.095,21.104],[83.193,21.139],[83.218,21.26],[83.268,21.269],[83.254,21.32],[83.27,21.375],[83.375,21.34],[83.403,21.349],[83.335,21.496],[83.381,21.613],[83.441,21.649],[83.453,21.605],[83.484,21.626],[83.42,21.675],[83.478,21.728],[83.467,21.783],[83.491,21.815],[83.537,21.794],[83.531,21.832],[83.574,21.83],[83.586,21.848],[83.571,21.872],[83.6,21.911],[83.535,21.964],[83.549,22.007],[83.533,22.034],[83.543,22.06],[83.6,22.065],[83.557,22.1],[83.646,22.225],[83.753,22.243],[83.861,22.344],[84.004,22.368],[84.042,22.464],[83.976,22.502],[83.98,22.522],[84.003,22.521],[84.005,22.57],[84.08,22.637],[84.15,22.634],[84.221,22.669],[84.225,22.735],[84.285,22.763],[84.33,22.86],[84.37,22.865],[84.389,22.939],[84.371,22.975],[84.279,22.961],[84.271,22.989],[84.217,22.977],[84.19,23.024],[84.148,22.964],[84.129,23.081],[84.033,23.138],[84.07,23.33],[84.043,23.374],[84.007,23.353],[83.967,23.374],[83.97,23.456],[84.023,23.544],[84.007,23.632],[83.938,23.622],[83.935,23.563],[83.775,23.6],[83.715,23.683],[83.729,23.755],[83.695,23.821],[83.561,23.863],[83.576,23.885],[83.543,23.898],[83.507,24.028],[83.447,24.042],[83.426,24.084],[83.323,24.101]]]},"properties":{"name":"Chhattisgarh","cartodb_id":6,"created_at":"2015-07-02T08:55:51Z","updated_at":"2015-07-02T08:55:51Z"}},
{"type":"Feature","geometry":{"type":"Polygon","coordinates":[[[80.657,21.331],[80.73,21.472],[80.709,21.587],[80.719,21.712],[80.743,21.758],[80.811,21.747],[80.84,21.853],[80.819,21.957],[80.846,21.961],[80.911,22.119],[80.951,22.113],[80.964,22.058],[80.988,22.048],[81.004,22.07],[81.004,22.097],[80.972,22.122],[81.016,22.133],[81.016,22.22],[81.101,22.444],[81.085,22.247],[81.114,22.295],[81.105,22.433],[81.171,22.488],[81.218,22.452],[81.275,22.499],[81.316,22.49],[81.323,22.524],[81.379,22.505],[81.397,22.441],[81.424,22.479],[81.448,22.467],[81.438,22.494],[81.48,22.493],[81.519,22.54],[81.616,22.539],[81.624,22.564],[81.649,22.569],[81.657,22.632],[81.707,22.65],[81.723,22.676],[81.749,22.646],[81.765,22.669],[81.747,22.726],[81.784,22.766],[81.77,22.873],[81.856,22.891],[81.86,22.915],[81.94,22.957],[81.918,23.041],[81.938,23.078],[82.024,23.08],[82.067,23.117],[82.116,23.104],[82.151,23.142],[82.142,23.228],[82.187,23.278],[82.186,23.325],[82.138,23.362],[82.108,23.358],[82.099,23.398],[82.046,23.378],[82.014,23.388],[82.016,23.423],[81.976,23.413],[81.949,23.497],[81.91,23.535],[81.827,23.511],[81.805,23.546],[81.736,23.567],[81.693,23.523],[81.654,23.531],[81.628,23.49],[81.607,23.507],[81.606,23.551],[81.577,23.555],[81.57,23.588],[81.603,23.6],[81.613,23.661],[81.643,23.66],[81.687,23.721],[81.64,23.771],[81.628,23.834],[81.606,23.838],[81.61,23.907],[81.662,23.926],[81.723,23.859],[81.719,23.84],[81.782,23.812],[81.853,23.824],[81.916,23.873],[81.951,23.853],[82.001,23.863],[82.046,23.821],[82.162,23.82],[82.204,23.853],[82.226,23.807],[82.255,23.822],[82.328,23.804],[82.46,23.811],[82.516,23.784],[82.545,23.794],[82.527,23.824],[82.586,23.823],[82.652,23.856],[82.657,23.908],[82.748,23.923],[82.808,23.963],[82.797,24.005],[82.742,24.022],[82.766,24.078],[82.708,24.081],[82.658,24.135],[82.671,24.158],[82.72,24.139],[82.727,24.223],[82.75,24.236],[82.764,24.292],[82.761,24.373],[82.707,24.385],[82.736,24.5],[82.716,24.513],[82.712,24.556],[82.746,24.542],[82.801,24.553],[82.796,24.6],[82.76,24.6],[82.763,24.645],[82.695,24.644],[82.696,24.676],[82.666,24.7],[82.529,24.652],[82.518,24.678],[82.445,24.68],[82.432,24.706],[82.402,24.684],[82.409,24.598],[82.33,24.624],[82.294,24.614],[82.296,24.67],[82.263,24.687],[82.253,24.666],[82.23,24.67],[82.244,24.776],[82.238,24.754],[82.221,24.767],[82.223,24.752],[82.199,24.752],[82.214,24.728],[82.173,24.74],[82.189,24.782],[82.209,24.782],[82.179,24.805],[82.196,24.824],[82.159,24.792],[82.112,24.792],[82.005,24.851],[81.959,24.831],[81.897,24.893],[81.912,24.931],[81.9,25.007],[81.886,24.993],[81.829,25.019],[81.789,25.01],[81.733,25.049],[81.682,25.044],[81.658,25.08],[81.605,25.061],[81.594,25.08],[81.632,25.103],[81.617,25.123],[81.601,25.1],[81.592,25.137],[81.619,25.16],[81.582,25.168],[81.567,25.196],[81.508,25.185],[81.525,25.144],[81.495,25.152],[81.472,25.135],[81.508,25.107],[81.484,25.075],[81.401,25.108],[81.438,25.11],[81.43,25.133],[81.391,25.123],[81.33,25.173],[81.313,25.164],[81.317,25.116],[81.305,25.167],[81.269,25.168],[81.246,25.105],[81.262,25.068],[81.202,24.996],[81.212,24.935],[81.184,24.929],[81.199,24.935],[81.164,24.96],[81.134,24.894],[81.076,24.952],[81.01,24.954],[81.017,24.932],[80.951,24.927],[80.937,24.972],[80.897,24.957],[80.9,24.939],[80.802,24.944],[80.79,24.972],[80.848,24.998],[80.833,25.031],[80.879,25.066],[80.865,25.124],[80.905,25.16],[80.878,25.195],[80.836,25.193],[80.828,25.11],[80.799,25.146],[80.7,25.137],[80.725,25.123],[80.721,25.101],[80.776,25.084],[80.776,25.062],[80.727,25.072],[80.674,25.054],[80.679,25.082],[80.656,25.075],[80.601,25.104],[80.632,25.123],[80.595,25.155],[80.588,25.109],[80.607,25.072],[80.563,25.091],[80.543,25.068],[80.51,25.101],[80.474,25.102],[80.5,25.09],[80.494,25.045],[80.47,25.045],[80.441,25.082],[80.366,25.058],[80.382,25.01],[80.359,25.026],[80.314,25.004],[80.267,25.03],[80.351,25.145],[80.424,25.174],[80.399,25.243],[80.378,25.237],[80.304,25.289],[80.309,25.392],[80.256,25.429],[80.245,25.405],[80.194,25.416],[80.188,25.384],[80.127,25.341],[80.083,25.356],[80.021,25.343],[79.997,25.269],[79.943,25.272],[79.914,25.233],[79.903,25.257],[79.847,25.24],[79.872,25.15],[79.848,25.133],[79.856,25.099],[79.746,25.144],[79.598,25.132],[79.603,25.155],[79.59,25.147],[79.565,25.178],[79.49,25.083],[79.461,25.096],[79.463,25.117],[79.431,25.108],[79.431,25.135],[79.399,25.113],[79.384,25.17],[79.408,25.207],[79.443,25.212],[79.427,25.225],[79.459,25.269],[79.49,25.27],[79.457,25.284],[79.415,25.259],[79.367,25.294],[79.358,25.264],[79.331,25.294],[79.345,25.335],[79.295,25.34],[79.26,25.31],[79.262,25.268],[79.288,25.29],[79.31,25.262],[79.332,25.276],[79.347,25.214],[79.333,25.201],[79.274,25.248],[79.279,25.197],[79.314,25.151],[79.301,25.131],[79.258,25.124],[79.246,25.162],[79.214,25.149],[79.243,25.141],[79.24,25.118],[79.206,25.114],[79.185,25.151],[79.167,25.142],[79.179,25.118],[79.129,25.111],[79.108,25.144],[79.12,25.164],[79.084,25.193],[79.043,25.138],[79.022,25.147],[79.056,25.226],[79.012,25.249],[79.012,25.274],[78.993,25.278],[78.971,25.245],[78.995,25.234],[78.996,25.196],[78.949,25.22],[78.874,25.163],[78.876,25.256],[78.892,25.245],[78.909,25.274],[78.94,25.263],[78.97,25.285],[78.956,25.348],[78.928,25.332],[78.877,25.344],[78.842,25.229],[78.806,25.271],[78.812,25.3],[78.783,25.303],[78.844,25.332],[78.838,25.352],[78.875,25.388],[78.949,25.4],[78.931,25.377],[78.892,25.375],[78.928,25.352],[78.978,25.376],[78.96,25.439],[78.929,25.428],[78.903,25.447],[78.936,25.48],[78.916,25.521],[78.942,25.551],[78.926,25.56],[78.917,25.541],[78.886,25.561],[78.876,25.524],[78.829,25.51],[78.857,25.467],[78.834,25.432],[78.814,25.447],[78.846,25.455],[78.83,25.466],[78.737,25.494],[78.725,25.463],[78.755,25.434],[78.813,25.43],[78.743,25.413],[78.764,25.358],[78.713,25.353],[78.709,25.379],[78.658,25.388],[78.656,25.42],[78.669,25.404],[78.701,25.429],[78.686,25.448],[78.653,25.444],[78.629,25.406],[78.603,25.417],[78.588,25.392],[78.561,25.396],[78.576,25.352],[78.525,25.363],[78.541,25.327],[78.525,25.306],[78.5,25.304],[78.492,25.324],[78.429,25.281],[78.445,25.27],[78.497,25.294],[78.569,25.259],[78.597,25.098],[78.642,25.062],[78.622,24.965],[78.668,24.902],[78.764,24.861],[78.78,24.815],[78.765,24.795],[78.772,24.704],[78.74,24.66],[78.75,24.605],[78.829,24.608],[78.873,24.647],[78.966,24.497],[78.901,24.488],[78.944,24.443],[78.982,24.447],[78.967,24.354],[78.908,24.301],[78.879,24.223],[78.813,24.21],[78.802,24.182],[78.785,24.185],[78.76,24.258],[78.746,24.239],[78.732,24.254],[78.699,24.234],[78.669,24.245],[78.578,24.357],[78.505,24.394],[78.435,24.298],[78.383,24.274],[78.326,24.33],[78.361,24.386],[78.261,24.454],[78.27,24.476],[78.22,24.523],[78.259,24.558],[78.268,24.67],[78.22,24.747],[78.236,24.766],[78.192,24.84],[78.165,24.848],[78.165,24.882],[78.328,25],[78.328,25.089],[78.395,25.131],[78.443,25.129],[78.418,25.153],[78.446,25.169],[78.385,25.195],[78.398,25.218],[78.354,25.246],[78.345,25.298],[78.308,25.311],[78.331,25.337],[78.3,25.384],[78.333,25.405],[78.348,25.455],[78.377,25.448],[78.421,25.478],[78.409,25.533],[78.426,25.562],[78.455,25.552],[78.486,25.582],[78.581,25.564],[78.606,25.589],[78.649,25.566],[78.677,25.594],[78.805,25.624],[78.811,25.674],[78.746,25.744],[78.82,25.799],[78.799,25.818],[78.811,25.83],[78.862,25.799],[78.847,25.86],[78.882,25.87],[78.876,25.916],[78.929,25.949],[78.944,26.037],[79.004,26.09],[78.943,26.139],[79.001,26.155],[78.977,26.195],[79.015,26.198],[79.017,26.232],[79.057,26.233],[79.037,26.267],[79.067,26.288],[79.084,26.273],[79.094,26.312],[79.126,26.316],[79.116,26.335],[79.134,26.345],[79.077,26.366],[79.087,26.418],[79.117,26.417],[79.127,26.445],[79.048,26.456],[79.061,26.503],[79.021,26.552],[78.998,26.551],[78.991,26.583],[78.98,26.574],[79.006,26.611],[78.997,26.681],[78.938,26.663],[78.948,26.697],[78.865,26.705],[78.819,26.762],[78.771,26.76],[78.751,26.788],[78.731,26.775],[78.725,26.797],[78.684,26.788],[78.672,26.763],[78.627,26.773],[78.576,26.748],[78.462,26.788],[78.433,26.826],[78.396,26.82],[78.364,26.868],[78.281,26.854],[78.267,26.813],[78.21,26.826],[78.168,26.82],[78.179,26.783],[78.109,26.793],[78.123,26.749],[78.091,26.728],[78.091,26.675],[78.002,26.694],[77.947,26.658],[77.895,26.662],[77.879,26.62],[77.821,26.6],[77.813,26.555],[77.744,26.545],[77.714,26.504],[77.668,26.508],[77.523,26.415],[77.428,26.407],[77.433,26.365],[77.366,26.372],[77.203,26.237],[77.124,26.238],[77.092,26.191],[77.035,26.182],[76.904,26.09],[76.882,26.047],[76.811,25.995],[76.786,25.94],[76.749,25.94],[76.757,25.922],[76.722,25.9],[76.646,25.909],[76.627,25.871],[76.593,25.874],[76.529,25.798],[76.531,25.734],[76.483,25.718],[76.478,25.695],[76.511,25.673],[76.52,25.53],[76.602,25.389],[76.681,25.345],[76.767,25.336],[76.77,25.312],[76.893,25.323],[76.934,25.276],[76.959,25.297],[77.024,25.301],[77.075,25.339],[77.205,25.311],[77.22,25.373],[77.283,25.424],[77.305,25.436],[77.361,25.413],[77.337,25.326],[77.364,25.333],[77.375,25.306],[77.35,25.272],[77.418,25.193],[77.391,25.188],[77.399,25.113],[77.303,25.084],[77.262,25.119],[77.169,25.114],[77.115,25.069],[77.077,25.058],[76.984,25.078],[76.854,25.01],[76.891,24.92],[76.921,24.917],[76.914,24.888],[76.949,24.873],[76.927,24.85],[76.832,24.84],[76.801,24.82],[76.847,24.75],[76.952,24.765],[76.972,24.732],[77.027,24.711],[77.06,24.642],[77.065,24.57],[77.05,24.526],[76.96,24.46],[76.915,24.488],[76.913,24.543],[76.879,24.526],[76.866,24.549],[76.814,24.532],[76.851,24.469],[76.84,24.339],[76.87,24.277],[76.945,24.203],[76.916,24.189],[76.9,24.131],[76.801,24.121],[76.755,24.172],[76.701,24.171],[76.674,24.193],[76.702,24.249],[76.693,24.285],[76.616,24.263],[76.614,24.242],[76.588,24.249],[76.598,24.23],[76.566,24.201],[76.58,24.181],[76.532,24.163],[76.47,24.232],[76.453,24.217],[76.424,24.227],[76.414,24.208],[76.327,24.253],[76.283,24.216],[76.215,24.217],[76.195,24.285],[76.206,24.311],[76.185,24.331],[76.143,24.285],[76.154,24.244],[76.121,24.196],[76.135,24.095],[76.047,24.075],[75.96,24.026],[75.974,23.931],[75.777,23.854],[75.75,23.89],[75.702,23.904],[75.698,23.877],[75.729,23.858],[75.718,23.819],[75.687,23.819],[75.685,23.761],[75.652,23.802],[75.582,23.8],[75.556,23.826],[75.576,23.843],[75.457,23.921],[75.465,23.981],[75.514,24.049],[75.584,23.992],[75.635,24],[75.669,24.034],[75.7,23.969],[75.762,23.998],[75.78,24.062],[75.834,24.075],[75.836,24.111],[75.812,24.103],[75.776,24.139],[75.743,24.14],[75.773,24.221],[75.827,24.246],[75.811,24.303],[75.765,24.311],[75.738,24.348],[75.727,24.405],[75.755,24.409],[75.749,24.428],[75.791,24.475],[75.847,24.419],[75.909,24.456],[75.891,24.509],[75.925,24.534],[75.915,24.575],[75.884,24.582],[75.874,24.607],[75.835,24.598],[75.828,24.613],[75.849,24.653],[75.827,24.671],[75.839,24.73],[75.786,24.765],[75.609,24.69],[75.582,24.723],[75.452,24.693],[75.267,24.733],[75.217,24.722],[75.187,24.76],[75.192,24.789],[75.252,24.832],[75.201,24.884],[75.208,24.91],[75.223,24.89],[75.25,24.896],[75.227,24.859],[75.279,24.853],[75.306,24.813],[75.417,24.864],[75.424,24.893],[75.326,24.887],[75.311,24.869],[75.261,24.889],[75.293,24.923],[75.276,24.977],[75.314,24.901],[75.338,24.963],[75.319,25.006],[75.354,25.038],[75.336,25.045],[75.159,25.046],[75.161,24.988],[75.119,24.975],[75.119,24.889],[75.056,24.882],[75.043,24.859],[74.945,24.878],[74.949,24.895],[74.907,24.907],[74.913,24.928],[74.885,24.95],[74.867,24.937],[74.853,24.975],[74.833,24.968],[74.849,24.793],[74.878,24.813],[74.917,24.787],[75.007,24.796],[75.021,24.773],[75.02,24.753],[74.993,24.753],[75,24.708],[74.962,24.701],[74.943,24.66],[74.893,24.655],[74.799,24.796],[74.775,24.688],[74.817,24.672],[74.784,24.637],[74.79,24.611],[74.748,24.597],[74.757,24.555],[74.712,24.511],[74.779,24.484],[74.817,24.491],[74.818,24.462],[74.858,24.468],[74.785,24.367],[74.784,24.317],[74.755,24.279],[74.87,24.281],[74.894,24.261],[74.906,24.234],[74.881,24.213],[74.993,24.03],[74.921,23.936],[74.906,23.874],[74.941,23.735],[74.908,23.683],[74.94,23.63],[74.906,23.623],[74.845,23.554],[74.803,23.534],[74.774,23.543],[74.734,23.501],[74.701,23.504],[74.655,23.464],[74.613,23.461],[74.574,23.423],[74.543,23.339],[74.518,23.329],[74.554,23.282],[74.572,23.301],[74.646,23.26],[74.701,23.272],[74.722,23.242],[74.695,23.223],[74.751,23.23],[74.746,23.212],[74.669,23.201],[74.608,23.145],[74.545,23.132],[74.512,23.089],[74.391,23.112],[74.323,23.063],[74.371,22.98],[74.342,22.964],[74.362,22.933],[74.401,22.899],[74.451,22.924],[74.479,22.859],[74.403,22.731],[74.384,22.644],[74.265,22.645],[74.153,22.518],[74.067,22.551],[74.035,22.508],[74.037,22.492],[74.085,22.509],[74.078,22.466],[74.103,22.468],[74.111,22.429],[74.13,22.422],[74.144,22.457],[74.171,22.434],[74.191,22.478],[74.205,22.437],[74.254,22.433],[74.294,22.394],[74.258,22.4],[74.227,22.358],[74.207,22.368],[74.191,22.322],[74.134,22.332],[74.112,22.372],[74.072,22.36],[74.059,22.286],[74.091,22.244],[74.076,22.222],[74.123,22.213],[74.13,22.098],[74.181,22.087],[74.098,22.015],[74.154,21.986],[74.146,21.954],[74.201,21.926],[74.29,21.936],[74.304,21.969],[74.349,21.977],[74.388,22.02],[74.446,22.027],[74.449,21.971],[74.493,21.955],[74.528,21.909],[74.504,21.807],[74.513,21.723],[74.552,21.719],[74.557,21.684],[74.775,21.616],[74.902,21.63],[75.058,21.565],[75.115,21.46],[75.22,21.411],[75.302,21.415],[75.302,21.389],[75.361,21.403],[75.398,21.383],[75.468,21.394],[75.548,21.373],[75.591,21.392],[75.833,21.383],[75.888,21.399],[75.959,21.396],[76.053,21.353],[76.098,21.374],[76.159,21.259],[76.144,21.238],[76.173,21.188],[76.167,21.171],[76.114,21.165],[76.136,21.126],[76.169,21.086],[76.262,21.095],[76.282,21.075],[76.383,21.08],[76.453,21.115],[76.487,21.196],[76.623,21.192],[76.661,21.283],[76.624,21.335],[76.784,21.466],[76.792,21.49],[76.763,21.523],[76.788,21.54],[76.795,21.597],[76.834,21.593],[76.852,21.615],[76.901,21.601],[77.072,21.723],[77.158,21.713],[77.172,21.727],[77.207,21.694],[77.225,21.718],[77.283,21.724],[77.28,21.761],[77.478,21.77],[77.542,21.701],[77.571,21.563],[77.607,21.543],[77.567,21.53],[77.457,21.556],[77.417,21.533],[77.438,21.473],[77.469,21.457],[77.487,21.378],[77.585,21.365],[77.605,21.367],[77.602,21.394],[77.651,21.393],[77.667,21.371],[77.691,21.397],[77.705,21.359],[77.734,21.365],[77.793,21.391],[77.8,21.412],[77.882,21.378],[77.939,21.387],[78.169,21.498],[78.181,21.559],[78.269,21.571],[78.262,21.594],[78.304,21.572],[78.337,21.59],[78.361,21.578],[78.379,21.619],[78.423,21.602],[78.43,21.502],[78.509,21.528],[78.567,21.516],[78.585,21.487],[78.724,21.465],[78.746,21.494],[78.772,21.467],[78.785,21.489],[78.88,21.485],[78.896,21.501],[78.932,21.487],[78.94,21.514],[78.904,21.555],[78.928,21.56],[78.913,21.593],[78.994,21.619],[79.01,21.601],[79.088,21.599],[79.148,21.66],[79.22,21.651],[79.228,21.722],[79.349,21.679],[79.416,21.692],[79.489,21.674],[79.537,21.544],[79.647,21.557],[79.733,21.602],[79.857,21.531],[79.916,21.524],[79.936,21.557],[79.994,21.535],[80.067,21.557],[80.118,21.609],[80.188,21.634],[80.26,21.62],[80.369,21.523],[80.411,21.438],[80.389,21.407],[80.404,21.376],[80.44,21.372],[80.448,21.403],[80.485,21.398],[80.593,21.325],[80.657,21.331]]]},"properties":{"name":"Madhya Pradesh","cartodb_id":19,"created_at":"2015-07-02T08:55:51Z","updated_at":"2015-07-02T08:55:51Z"}},
{"type":"Feature","geometry":{"type":"Polygon","coordinates":[[[74.117,15.653],[74.028,15.604],[73.999,15.611],[73.969,15.644],[73.945,15.741],[73.882,15.749],[73.865,15.797],[73.833,15.738],[73.688,15.726],[73.329,15.608],[73.531,15.229],[73.873,14.753],[74.082,14.899],[74.134,14.918],[74.172,14.907],[74.172,14.952],[74.211,14.918],[74.246,14.959],[74.262,14.951],[74.265,14.991],[74.31,15.034],[74.276,15.098],[74.317,15.183],[74.301,15.224],[74.255,15.256],[74.338,15.29],[74.323,15.368],[74.28,15.389],[74.278,15.449],[74.252,15.493],[74.283,15.527],[74.25,15.567],[74.264,15.611],[74.251,15.656],[74.227,15.668],[74.209,15.65],[74.186,15.682],[74.169,15.653],[74.117,15.653]]]},"properties":{"name":"Goa","cartodb_id":10,"created_at":"2015-07-02T08:55:51Z","updated_at":"2015-07-02T08:55:51Z"}},
{"type":"Feature","geometry":{"type":"Polygon","coordinates":[[[78.395,32.53],[78.416,32.567],[78.501,32.584],[78.516,32.615],[78.633,32.605],[78.634,32.645],[78.74,32.696],[78.742,32.655],[78.781,32.616],[78.757,32.567],[78.779,32.479],[78.839,32.413],[78.892,32.401],[78.968,32.336],[79.014,32.381],[79.103,32.373],[79.132,32.481],[79.188,32.516],[79.248,32.517],[79.306,32.603],[79.268,32.684],[79.297,32.729],[79.271,32.781],[79.223,32.787],[79.218,32.919],[79.242,32.943],[79.139,33.025],[79.165,33.171],[79.072,33.224],[79.08,33.245],[79.035,33.273],[79.026,33.321],[78.963,33.339],[78.902,33.41],[78.836,33.427],[78.814,33.483],[78.733,33.569],[78.758,33.623],[78.718,33.623],[78.682,33.655],[78.777,33.745],[78.754,33.784],[78.763,33.912],[78.728,33.924],[78.742,34],[78.657,34.032],[78.661,34.085],[78.744,34.09],[78.795,34.138],[78.834,34.127],[78.862,34.166],[78.908,34.142],[78.98,34.315],[79.053,34.295],[79.054,34.321],[78.974,34.363],[78.964,34.387],[78.929,34.381],[78.764,34.44],[78.738,34.457],[78.762,34.481],[78.71,34.526],[78.646,34.55],[78.58,34.504],[78.559,34.512],[78.552,34.572],[78.498,34.584],[78.435,34.542],[78.422,34.595],[78.273,34.63],[78.276,34.696],[78.209,34.721],[78.186,34.794],[78.226,34.811],[78.235,34.839],[78.236,34.881],[78.203,34.891],[78.174,34.937],[78.201,34.973],[78.145,35.002],[78.135,35.095],[78.005,35.231],[78.023,35.358],[78.106,35.438],[78.105,35.484],[78.046,35.491],[78.025,35.468],[78.001,35.494],[77.948,35.479],[77.924,35.497],[77.911,35.462],[77.813,35.522],[77.687,35.453],[77.652,35.487],[77.63,35.462],[77.501,35.489],[77.442,35.462],[77.381,35.473],[77.303,35.546],[77.194,35.522],[77.091,35.566],[77.057,35.602],[76.958,35.596],[76.9,35.619],[76.844,35.675],[76.783,35.662],[76.755,35.63],[76.794,35.583],[76.748,35.539],[76.759,35.518],[76.797,35.517],[76.848,35.4],[76.94,35.397],[76.987,35.356],[76.984,35.316],[77.015,35.3],[76.977,35.26],[77.004,35.232],[76.991,35.211],[77.017,35.183],[77.087,35.167],[77.07,35.125],[77.12,35.065],[77.11,35.048],[77.018,35.038],[76.998,34.939],[76.87,34.972],[76.811,34.935],[76.749,34.926],[76.743,34.84],[76.682,34.76],[76.562,34.758],[76.474,34.794],[76.386,34.736],[76.301,34.724],[76.26,34.684],[76.158,34.643],[76.074,34.676],[76.036,34.67],[75.992,34.63],[75.932,34.625],[75.749,34.516],[75.395,34.549],[75.262,34.611],[75.25,34.647],[75.142,34.662],[75.019,34.641],[74.872,34.681],[74.671,34.701],[74.58,34.77],[74.307,34.8],[74.142,34.691],[73.971,34.686],[73.933,34.641],[73.948,34.573],[73.895,34.546],[73.899,34.496],[73.753,34.379],[73.769,34.336],[73.815,34.351],[73.85,34.324],[73.904,34.353],[73.976,34.265],[73.976,34.212],[73.904,34.122],[73.89,34.06],[73.921,34.013],[74.124,34.055],[74.215,34.038],[74.263,33.974],[74.261,33.925],[74.22,33.867],[74.066,33.82],[73.96,33.724],[73.993,33.656],[73.976,33.635],[74.029,33.575],[74.096,33.571],[74.187,33.456],[74.171,33.347],[74.103,33.27],[74.021,33.259],[74.014,33.198],[74.112,33.164],[74.184,33.091],[74.17,33.074],[74.324,33.031],[74.353,32.983],[74.318,32.92],[74.414,32.904],[74.42,32.839],[74.46,32.781],[74.545,32.747],[74.637,32.752],[74.633,32.777],[74.658,32.787],[74.637,32.814],[74.705,32.842],[74.655,32.729],[74.695,32.66],[74.639,32.614],[74.66,32.597],[74.652,32.565],[74.675,32.565],[74.662,32.546],[74.69,32.534],[74.688,32.487],[74.796,32.477],[74.82,32.498],[74.877,32.494],[74.9,32.466],[74.979,32.448],[75.037,32.492],[75.082,32.48],[75.14,32.415],[75.188,32.425],[75.325,32.339],[75.415,32.324],[75.472,32.34],[75.501,32.276],[75.58,32.375],[75.685,32.401],[75.733,32.459],[75.801,32.484],[75.872,32.576],[75.925,32.654],[75.896,32.691],[75.913,32.757],[75.874,32.814],[75.795,32.869],[75.808,32.93],[75.881,32.925],[75.934,32.884],[75.987,32.901],[76.082,32.969],[76.094,33.005],[76.237,33.033],[76.275,33.104],[76.392,33.187],[76.469,33.18],[76.548,33.209],[76.582,33.207],[76.627,33.163],[76.73,33.179],[76.755,33.249],[76.778,33.256],[76.829,33.242],[76.804,33.156],[76.844,33.112],[76.877,33.114],[76.917,33.034],[76.999,32.989],[77.136,32.981],[77.146,32.914],[77.174,32.931],[77.239,32.865],[77.258,32.876],[77.305,32.854],[77.321,32.822],[77.357,32.825],[77.387,32.886],[77.455,32.862],[77.584,32.944],[77.653,32.96],[77.665,32.986],[77.713,32.972],[77.79,32.906],[77.761,32.865],[77.848,32.828],[77.881,32.775],[77.915,32.766],[77.903,32.693],[77.982,32.587],[78.036,32.592],[78.034,32.636],[78.065,32.624],[78.094,32.662],[78.122,32.642],[78.152,32.679],[78.213,32.669],[78.296,32.713],[78.288,32.738],[78.371,32.762],[78.363,32.672],[78.389,32.623],[78.296,32.577],[78.279,32.508],[78.31,32.476],[78.395,32.53]]]},"properties":{"name":"Jammu and Kashmir","cartodb_id":14,"created_at":"2015-07-02T08:55:51Z","updated_at":"2015-07-02T08:55:51Z"}},
{"type":"Feature","geometry":{"type":"Polygon","coordinates":[[[94.682,25.457],[94.749,25.492],[94.808,25.496],[94.845,25.56],[94.896,25.568],[94.881,25.589],[94.913,25.607],[94.94,25.672],[95.043,25.741],[95.052,25.798],[95.018,25.879],[95.029,25.935],[95.115,25.975],[95.185,26.069],[95.117,26.104],[95.121,26.186],[95.142,26.214],[95.116,26.237],[95.133,26.383],[95.101,26.394],[95.104,26.418],[95.063,26.452],[95.113,26.517],[95.108,26.543],[95.153,26.583],[95.152,26.614],[95.248,26.684],[95.216,26.735],[95.245,26.787],[95.215,26.798],[95.209,26.851],[95.185,26.865],[95.234,26.891],[95.195,27.043],[95.11,26.967],[95.021,26.925],[94.986,26.918],[94.928,26.952],[94.886,26.933],[94.806,26.812],[94.686,26.732],[94.623,26.719],[94.61,26.74],[94.575,26.691],[94.545,26.711],[94.464,26.668],[94.463,26.636],[94.41,26.616],[94.399,26.532],[94.317,26.463],[94.294,26.481],[94.282,26.563],[94.186,26.46],[94.175,26.344],[94.108,26.327],[94.005,26.173],[93.991,26.073],[93.955,26.007],[93.983,25.926],[93.883,25.846],[93.842,25.863],[93.796,25.814],[93.777,25.973],[93.75,25.94],[93.702,25.929],[93.704,25.848],[93.547,25.735],[93.543,25.702],[93.5,25.657],[93.427,25.632],[93.359,25.555],[93.327,25.547],[93.39,25.469],[93.457,25.442],[93.477,25.386],[93.452,25.344],[93.474,25.309],[93.472,25.286],[93.511,25.276],[93.505,25.244],[93.555,25.251],[93.608,25.202],[93.693,25.362],[93.718,25.362],[93.809,25.466],[93.804,25.499],[93.766,25.5],[93.771,25.54],[93.9,25.569],[93.965,25.557],[94.01,25.571],[94.015,25.596],[94.086,25.56],[94.092,25.533],[94.139,25.524],[94.16,25.555],[94.195,25.552],[94.215,25.5],[94.287,25.512],[94.314,25.494],[94.42,25.543],[94.43,25.593],[94.474,25.622],[94.508,25.619],[94.573,25.698],[94.597,25.687],[94.577,25.648],[94.595,25.644],[94.556,25.586],[94.558,25.513],[94.682,25.457]]]},"properties":{"name":"Nagaland","cartodb_id":24,"created_at":"2015-07-02T08:55:51Z","updated_at":"2015-07-02T08:55:51Z"}},
{"type":"Feature","geometry":{"type":"MultiPolygon","coordinates":[[[[80.175,11.748],[80.206,11.843],[79.833,11.957],[79.815,11.98],[79.756,11.923],[79.747,11.964],[79.724,11.977],[79.763,12.003],[79.722,11.991],[79.697,11.959],[79.742,11.909],[79.717,11.892],[79.723,11.918],[79.7,11.919],[79.68,11.882],[79.714,11.889],[79.722,11.858],[79.757,11.854],[79.768,11.88],[79.771,11.841],[79.804,11.859],[79.819,11.84],[80.175,11.748]],[[79.772,11.903],[79.8,11.902],[79.788,11.867],[79.772,11.903]]],[[[80.226,10.825],[80.222,10.984],[79.801,10.986],[79.783,10.967],[79.737,10.989],[79.746,10.943],[79.704,10.952],[79.721,10.935],[79.704,10.919],[79.743,10.882],[79.748,10.895],[79.809,10.867],[79.791,10.846],[79.819,10.811],[79.852,10.828],[80.226,10.825]]],[[[79.716,11.79],[79.805,11.783],[79.816,11.83],[79.769,11.822],[79.739,11.841],[79.716,11.79]]],[[[79.66,11.996],[79.687,11.982],[79.72,11.996],[79.688,12.035],[79.66,11.996]]],[[[79.657,11.958],[79.68,11.947],[79.692,11.968],[79.657,11.958]]],[[[79.599,11.887],[79.602,11.865],[79.662,11.867],[79.638,11.892],[79.599,11.887]]],[[[79.842,12.012],[79.859,12.008],[79.875,12.042],[79.85,12.051],[79.842,12.012]]],[[[79.642,11.821],[79.672,11.814],[79.648,11.844],[79.642,11.821]]],[[[82.191,16.721],[82.287,16.705],[82.314,16.728],[82.245,16.722],[82.213,16.76],[82.191,16.721]]]]},"properties":{"name":"Pondicherry","cartodb_id":26,"created_at":"2015-07-02T08:55:51Z","updated_at":"2015-07-02T08:55:51Z"}},
{"type":"Feature","geometry":{"type":"Polygon","coordinates":[[[76.817,30.687],[76.789,30.671],[76.752,30.685],[76.691,30.76],[76.759,30.799],[76.769,30.777],[76.796,30.786],[76.793,30.767],[76.828,30.764],[76.847,30.792],[76.769,30.877],[76.77,30.907],[76.713,30.963],[76.61,31.004],[76.599,31.053],[76.626,31.11],[76.589,31.128],[76.59,31.183],[76.648,31.21],[76.64,31.222],[76.593,31.211],[76.611,31.251],[76.589,31.273],[76.535,31.255],[76.537,31.284],[76.518,31.263],[76.467,31.31],[76.431,31.283],[76.448,31.306],[76.363,31.441],[76.354,31.408],[76.321,31.392],[76.33,31.345],[76.296,31.342],[76.302,31.326],[76.261,31.306],[76.173,31.307],[76.134,31.382],[76.153,31.414],[76.003,31.647],[75.922,31.817],[75.971,31.815],[75.895,31.95],[75.795,31.989],[75.69,32.061],[75.579,32.082],[75.662,32.165],[75.62,32.185],[75.623,32.235],[75.755,32.286],[75.844,32.379],[75.935,32.425],[75.855,32.5],[75.872,32.576],[75.801,32.484],[75.733,32.459],[75.685,32.401],[75.58,32.375],[75.501,32.276],[75.472,32.34],[75.415,32.324],[75.325,32.339],[75.321,32.297],[75.384,32.272],[75.379,32.231],[75.318,32.218],[75.334,32.205],[75.31,32.155],[75.239,32.088],[75.212,32.119],[75.165,32.068],[75.116,32.083],[74.999,32.034],[74.927,32.065],[74.862,32.045],[74.809,31.955],[74.746,31.952],[74.709,31.919],[74.66,31.918],[74.627,31.883],[74.599,31.885],[74.556,31.828],[74.552,31.753],[74.473,31.721],[74.535,31.681],[74.545,31.61],[74.618,31.569],[74.615,31.526],[74.587,31.519],[74.586,31.499],[74.638,31.485],[74.655,31.454],[74.644,31.415],[74.609,31.421],[74.554,31.365],[74.513,31.133],[74.55,31.123],[74.57,31.083],[74.608,31.099],[74.603,31.135],[74.637,31.119],[74.69,31.129],[74.702,31.082],[74.659,31.049],[74.563,31.048],[74.551,30.987],[74.427,30.94],[74.424,30.907],[74.368,30.885],[74.383,30.859],[74.324,30.847],[74.303,30.778],[74.262,30.772],[74.282,30.73],[74.233,30.722],[74.195,30.664],[74.117,30.607],[74.099,30.612],[74.074,30.523],[74.013,30.524],[73.964,30.455],[73.933,30.463],[73.928,30.439],[73.974,30.445],[73.965,30.424],[73.883,30.36],[73.961,30.271],[73.974,30.198],[73.967,30.121],[73.882,30.011],[73.891,29.97],[74.519,29.943],[74.647,29.905],[74.64,29.923],[74.698,29.971],[74.724,29.962],[74.801,29.993],[74.85,29.959],[74.881,29.968],[74.885,29.939],[74.916,29.949],[74.99,29.856],[75.066,29.879],[75.085,29.915],[75.104,29.873],[75.081,29.85],[75.107,29.826],[75.09,29.807],[75.125,29.806],[75.142,29.777],[75.156,29.82],[75.201,29.83],[75.198,29.796],[75.231,29.752],[75.158,29.663],[75.173,29.63],[75.221,29.606],[75.223,29.546],[75.291,29.562],[75.305,29.589],[75.281,29.61],[75.318,29.671],[75.351,29.659],[75.335,29.694],[75.379,29.711],[75.444,29.808],[75.512,29.76],[75.557,29.766],[75.569,29.743],[75.613,29.747],[75.625,29.773],[75.698,29.755],[75.706,29.809],[75.772,29.825],[75.829,29.813],[75.88,29.747],[75.973,29.732],[76.041,29.749],[76.078,29.806],[76.116,29.796],[76.242,29.869],[76.185,29.889],[76.166,29.928],[76.204,29.944],[76.191,30.016],[76.255,30.105],[76.191,30.135],[76.212,30.135],[76.204,30.159],[76.251,30.119],[76.323,30.108],[76.349,30.128],[76.326,30.149],[76.39,30.127],[76.402,30.158],[76.381,30.183],[76.41,30.202],[76.452,30.101],[76.491,30.097],[76.501,30.077],[76.601,30.08],[76.627,30.106],[76.639,30.206],[76.604,30.215],[76.584,30.256],[76.532,30.227],[76.548,30.265],[76.61,30.271],[76.675,30.326],[76.715,30.333],[76.739,30.36],[76.711,30.365],[76.7,30.394],[76.758,30.439],[76.809,30.412],[76.833,30.434],[76.887,30.358],[76.931,30.397],[76.889,30.441],[76.889,30.485],[76.92,30.525],[76.885,30.54],[76.913,30.6],[76.849,30.667],[76.819,30.66],[76.817,30.687]]]},"properties":{"name":"Punjab","cartodb_id":27,"created_at":"2015-07-02T08:55:51Z","updated_at":"2015-07-02T08:55:51Z"}},
{"type":"Feature","geometry":{"type":"MultiPolygon","coordinates":[[[[73.216,20.122],[73.196,20.156],[73.229,20.184],[73.18,20.209],[73.142,20.205],[73.153,20.176],[73.128,20.157],[73.096,20.174],[73.072,20.164],[73.077,20.23],[73.111,20.232],[73.146,20.28],[73.179,20.29],[73.162,20.317],[73.113,20.305],[73.108,20.361],[73.091,20.327],[73.05,20.323],[73.044,20.291],[73.02,20.309],[73.021,20.291],[72.98,20.294],[72.984,20.272],[72.946,20.293],[72.925,20.279],[72.971,20.212],[72.987,20.171],[72.973,20.131],[72.989,20.113],[73.017,20.135],[73.01,20.11],[73.053,20.068],[73.061,20.099],[73.14,20.084],[73.186,20.053],[73.216,20.122]],[[72.986,20.221],[73.013,20.233],[73.012,20.217],[72.986,20.221]]],[[[72.932,20.322],[72.962,20.306],[73.001,20.336],[72.97,20.363],[72.932,20.322]]]]},"properties":{"name":"Dadra and Nagar Haveli","cartodb_id":7,"created_at":"2015-07-02T08:55:51Z","updated_at":"2015-07-02T08:55:51Z"}},
{"type":"Feature","geometry":{"type":"MultiPolygon","coordinates":[[[[92.514,9.159],[92.53,9.083],[92.895,8.195],[93.485,6.904],[93.631,6.658],[93.692,6.594],[93.838,6.555],[93.95,6.588],[94.045,6.674],[94.097,6.758],[94.145,6.916],[94.136,7.081],[94.095,7.15],[94.034,7.368],[93.917,7.54],[93.825,7.611],[93.592,7.717],[93.722,7.787],[93.777,7.889],[93.802,8.05],[93.757,8.219],[93.824,8.28],[93.858,8.391],[93.837,8.55],[93.788,8.68],[93.719,8.748],[93.646,8.777],[93.568,8.777],[93.495,8.748],[93.44,8.693],[93.41,8.621],[93.425,8.41],[93.394,8.395],[93.236,8.524],[93.21,8.583],[93.154,8.638],[93.081,8.667],[92.981,8.661],[93.05,8.746],[93.065,8.822],[93.047,8.911],[92.975,8.999],[93.029,9.099],[93.031,9.205],[92.988,9.327],[92.916,9.4],[92.812,9.454],[92.734,9.454],[92.661,9.425],[92.554,9.332],[92.524,9.26],[92.514,9.159]]],[[[91.992,11.581],[92.011,10.937],[92.195,10.459],[92.24,10.394],[92.305,10.351],[92.497,10.305],[92.609,10.327],[92.675,10.37],[92.757,10.503],[92.798,10.635],[92.789,10.819],[92.855,10.911],[92.869,11.001],[92.934,11.111],[92.905,11.419],[92.96,11.622],[93.044,11.584],[93.162,11.596],[93.229,11.64],[93.285,11.742],[93.275,11.879],[93.242,11.988],[93.312,12.073],[93.323,12.189],[93.296,12.336],[93.245,12.43],[93.174,12.493],[93.163,12.621],[93.185,12.709],[93.157,12.828],[93.236,13.042],[93.292,13.299],[93.307,13.471],[93.263,13.559],[93.268,13.692],[93.239,13.773],[93.035,13.882],[92.903,13.85],[92.765,13.755],[92.704,13.68],[92.618,13.5],[92.483,13.118],[92.445,12.849],[92.462,12.574],[92.013,11.673],[91.992,11.581]]],[[[94.045,13.439],[94.078,13.337],[94.138,13.271],[94.202,13.24],[94.326,13.244],[94.415,13.297],[94.473,13.382],[94.47,13.525],[94.399,13.616],[94.333,13.652],[94.249,13.66],[94.101,13.579],[94.045,13.439]]],[[[93.647,12.277],[93.663,12.195],[93.711,12.126],[93.781,12.08],[93.865,12.064],[93.948,12.08],[94.018,12.126],[94.066,12.195],[94.082,12.277],[94.066,12.358],[94.018,12.427],[93.948,12.473],[93.865,12.489],[93.781,12.473],[93.711,12.427],[93.663,12.358],[93.647,12.277]]]]},"properties":{"name":"Andaman and Nicobar Islands","cartodb_id":1,"created_at":"2015-07-02T08:55:51Z","updated_at":"2015-07-02T08:55:51Z"}},
{"type":"Feature","geometry":{"type":"Polygon","coordinates":[[[78.221,12.753],[78.227,12.715],[78.19,12.681],[78.228,12.674],[78.233,12.694],[78.264,12.692],[78.291,12.653],[78.368,12.612],[78.455,12.612],[78.457,12.662],[78.489,12.663],[78.494,12.704],[78.511,12.702],[78.484,12.735],[78.527,12.701],[78.524,12.68],[78.548,12.686],[78.546,12.744],[78.582,12.771],[78.626,12.919],[78.647,12.919],[78.614,12.979],[78.651,13.018],[78.694,13.005],[78.702,13.056],[78.746,13.046],[78.876,13.086],[78.882,13.02],[78.924,13.019],[78.894,13.035],[78.914,13.068],[78.98,13.076],[79.069,13.014],[79.104,13.024],[79.153,13.007],[79.173,13.019],[79.189,13.084],[79.218,13.104],[79.218,13.136],[79.271,13.138],[79.308,13.097],[79.317,13.119],[79.354,13.13],[79.348,13.163],[79.42,13.184],[79.422,13.208],[79.445,13.217],[79.436,13.23],[79.411,13.212],[79.425,13.282],[79.374,13.303],[79.417,13.322],[79.536,13.311],[79.549,13.267],[79.58,13.245],[79.668,13.282],[79.684,13.257],[79.673,13.229],[79.696,13.234],[79.689,13.208],[79.723,13.222],[79.744,13.195],[79.785,13.224],[79.721,13.272],[79.754,13.303],[79.78,13.282],[79.8,13.304],[79.851,13.303],[79.911,13.344],[79.926,13.336],[79.953,13.374],[79.932,13.404],[79.963,13.418],[79.962,13.451],[79.995,13.46],[80.006,13.488],[80.036,13.484],[80.033,13.502],[79.99,13.51],[80.008,13.532],[80.045,13.522],[80.069,13.538],[80.152,13.479],[80.241,13.47],[80.276,13.389],[80.312,13.369],[80.326,13.444],[80.683,13.454],[80.486,15.066],[80.474,15.253],[80.492,15.341],[80.547,15.43],[80.653,15.487],[80.842,15.52],[81.602,16.048],[81.784,16.054],[82.208,16.169],[82.825,16.927],[83.209,17.157],[83.981,17.798],[84.949,18.676],[85.012,18.692],[85.054,18.771],[85.155,18.878],[84.761,19.071],[84.698,19.109],[84.705,19.149],[84.665,19.157],[84.661,19.122],[84.592,19.124],[84.62,19.077],[84.645,19.085],[84.665,19.066],[84.613,19.055],[84.588,19.013],[84.566,19.065],[84.489,19.021],[84.471,18.981],[84.415,19.014],[84.441,18.967],[84.416,18.938],[84.43,18.914],[84.398,18.886],[84.365,18.896],[84.388,18.878],[84.351,18.883],[84.372,18.867],[84.362,18.851],[84.336,18.867],[84.332,18.792],[84.151,18.776],[84.123,18.748],[84.082,18.745],[84.027,18.802],[83.94,18.796],[83.87,18.818],[83.788,19.008],[83.74,18.978],[83.78,18.908],[83.742,18.923],[83.706,18.985],[83.723,19.012],[83.697,19.016],[83.623,19.154],[83.594,19.12],[83.604,19.088],[83.579,19.05],[83.546,19.074],[83.531,19.005],[83.496,19.011],[83.493,19.027],[83.514,19.025],[83.505,19.065],[83.459,19.069],[83.478,19.021],[83.475,19],[83.448,18.999],[83.455,18.945],[83.409,18.996],[83.341,19.009],[83.304,18.987],[83.329,18.917],[83.345,18.956],[83.38,18.923],[83.349,18.934],[83.411,18.859],[83.396,18.831],[83.359,18.832],[83.356,18.8],[83.28,18.79],[83.266,18.757],[83.22,18.766],[83.205,18.716],[83.202,18.742],[83.133,18.772],[83.051,18.654],[83.01,18.636],[83.008,18.588],[83.054,18.586],[83.027,18.568],[83.033,18.548],[83.089,18.538],[83.015,18.445],[83.038,18.419],[83.06,18.429],[83.056,18.377],[82.903,18.356],[82.885,18.413],[82.845,18.41],[82.799,18.439],[82.776,18.42],[82.793,18.395],[82.767,18.331],[82.659,18.287],[82.627,18.229],[82.581,18.27],[82.576,18.307],[82.611,18.346],[82.599,18.371],[82.532,18.393],[82.554,18.437],[82.53,18.434],[82.523,18.504],[82.499,18.502],[82.474,18.537],[82.361,18.41],[82.385,18.369],[82.335,18.317],[82.393,18.306],[82.372,18.274],[82.337,18.266],[82.333,18.216],[82.306,18.196],[82.365,18.14],[82.357,18.125],[82.333,18.142],[82.33,18.041],[82.306,18.038],[82.298,18.062],[82.267,18.048],[82.267,17.987],[82.242,17.98],[82.178,18.011],[82.16,18.044],[82.025,18.058],[82.002,18.024],[81.801,17.936],[81.758,17.893],[81.793,17.853],[81.782,17.832],[81.729,17.819],[81.685,17.771],[81.623,17.763],[81.576,17.726],[81.571,17.688],[81.503,17.59],[81.524,17.573],[81.501,17.539],[81.493,17.449],[81.416,17.362],[81.372,17.357],[81.33,17.392],[81.267,17.32],[81.182,17.322],[81.163,17.233],[81.047,17.214],[80.991,17.18],[80.905,17.201],[80.913,17.146],[80.87,17.146],[80.859,17.051],[80.832,17.026],[80.726,17.065],[80.64,17.055],[80.657,17.088],[80.56,17.138],[80.496,17.108],[80.482,17.05],[80.446,17.017],[80.42,17.025],[80.397,17.074],[80.367,17.057],[80.388,17.007],[80.358,16.971],[80.488,16.917],[80.491,16.948],[80.584,16.926],[80.587,16.874],[80.565,16.869],[80.555,16.825],[80.604,16.788],[80.563,16.763],[80.456,16.79],[80.452,16.815],[80.4,16.85],[80.373,16.811],[80.359,16.855],[80.319,16.871],[80.262,17.011],[80.201,17.013],[80.182,17.045],[80.134,16.985],[80.046,16.965],[80.01,16.907],[79.992,16.863],[80.033,16.852],[80.07,16.814],[80.048,16.745],[79.943,16.632],[79.902,16.638],[79.862,16.698],[79.81,16.69],[79.775,16.73],[79.648,16.662],[79.497,16.631],[79.427,16.582],[79.266,16.562],[79.225,16.508],[79.236,16.459],[79.212,16.363],[79.225,16.25],[79.176,16.217],[79.123,16.238],[79.01,16.24],[78.908,16.191],[78.922,16.122],[78.901,16.098],[78.873,16.11],[78.863,16.153],[78.838,16.157],[78.839,16.094],[78.775,16.024],[78.687,16.041],[78.617,16.099],[78.559,16.056],[78.421,16.083],[78.316,16.029],[78.257,16.031],[78.238,15.929],[78.18,15.901],[78.165,15.849],[78.126,15.849],[78.11,15.827],[78.064,15.844],[78.036,15.902],[78.002,15.859],[77.888,15.896],[77.799,15.865],[77.716,15.887],[77.659,15.876],[77.606,15.912],[77.512,15.928],[77.248,15.964],[77.182,15.954],[77.077,15.91],[77.033,15.853],[77.028,15.836],[77.065,15.828],[77.07,15.8],[77.053,15.729],[77.082,15.726],[77.082,15.695],[77.131,15.664],[77.122,15.629],[77.087,15.657],[77.035,15.638],[77.027,15.504],[76.974,15.508],[76.975,15.495],[77.027,15.441],[77.062,15.328],[77.114,15.333],[77.121,15.294],[77.152,15.291],[77.168,15.265],[77.125,15.227],[77.146,15.224],[77.169,15.175],[77.136,15.149],[77.158,15.141],[77.148,15.108],[77.079,15],[77.041,15.005],[77.047,15.029],[77.001,15.029],[76.982,15.01],[76.877,15.029],[76.8,15.095],[76.779,15.071],[76.79,15.016],[76.764,14.97],[76.828,14.951],[76.864,14.964],[76.866,14.938],[76.86,14.891],[76.844,14.886],[76.849,14.804],[76.834,14.785],[76.78,14.779],[76.798,14.735],[76.766,14.601],[76.804,14.532],[76.832,14.528],[76.875,14.473],[76.978,14.483],[76.948,14.45],[76.946,14.404],[76.918,14.418],[76.888,14.395],[76.884,14.351],[76.956,14.293],[76.93,14.277],[76.943,14.244],[77.05,14.24],[77.075,14.209],[77.105,14.213],[77.112,14.287],[77.132,14.331],[77.16,14.336],[77.232,14.311],[77.281,14.331],[77.28,14.276],[77.359,14.269],[77.355,14.23],[77.384,14.192],[77.416,14.212],[77.375,14.295],[77.386,14.325],[77.442,14.31],[77.455,14.272],[77.496,14.272],[77.5,14.151],[77.41,14.17],[77.377,14.129],[77.348,14.125],[77.345,14.096],[77.39,14.119],[77.395,14.104],[77.326,14.023],[77.383,14.007],[77.376,13.969],[77.435,13.97],[77.434,13.944],[77.408,13.936],[77.426,13.902],[77.392,13.88],[77.391,13.898],[77.348,13.897],[77.354,13.982],[77.313,14.025],[77.279,14.007],[77.272,14.028],[77.243,14.006],[77.172,14.009],[77.155,13.991],[77.121,14.042],[77.024,14.053],[77.008,14.098],[77.025,14.177],[76.948,14.196],[76.943,14.172],[76.898,14.165],[76.883,14.131],[76.927,14.127],[76.972,14.076],[76.971,14.052],[76.938,14.048],[76.931,14.023],[77.036,13.926],[77.041,13.898],[77.017,13.893],[77.006,13.85],[76.968,13.815],[76.993,13.743],[77.011,13.733],[77.026,13.771],[77.06,13.739],[77.095,13.761],[77.167,13.755],[77.162,13.821],[77.124,13.849],[77.163,13.857],[77.156,13.9],[77.177,13.918],[77.179,13.86],[77.205,13.881],[77.211,13.861],[77.234,13.895],[77.251,13.84],[77.307,13.857],[77.32,13.826],[77.359,13.846],[77.424,13.835],[77.409,13.799],[77.457,13.797],[77.45,13.676],[77.483,13.68],[77.487,13.707],[77.512,13.686],[77.519,13.744],[77.556,13.716],[77.596,13.744],[77.628,13.73],[77.61,13.755],[77.67,13.778],[77.668,13.761],[77.71,13.745],[77.713,13.79],[77.779,13.813],[77.776,13.836],[77.828,13.86],[77.806,13.909],[77.818,13.935],[77.887,13.931],[77.912,13.897],[77.961,13.95],[77.978,13.947],[77.978,13.893],[77.942,13.88],[77.945,13.82],[77.966,13.82],[77.985,13.862],[78.038,13.853],[78.041,13.887],[78.106,13.853],[78.118,13.777],[78.085,13.733],[78.11,13.71],[78.106,13.684],[78.063,13.686],[78.058,13.667],[78.081,13.635],[78.156,13.649],[78.16,13.623],[78.194,13.616],[78.183,13.556],[78.228,13.587],[78.391,13.578],[78.355,13.355],[78.397,13.332],[78.367,13.32],[78.391,13.304],[78.424,13.319],[78.436,13.299],[78.472,13.308],[78.517,13.266],[78.556,13.299],[78.577,13.293],[78.569,13.204],[78.541,13.187],[78.569,13.157],[78.509,13.12],[78.528,13.097],[78.502,13.082],[78.505,13.053],[78.452,13.031],[78.458,12.963],[78.423,12.968],[78.421,12.923],[78.456,12.893],[78.454,12.853],[78.436,12.901],[78.379,12.895],[78.345,12.928],[78.303,12.847],[78.241,12.848],[78.221,12.753]],[[82.191,16.721],[82.213,16.76],[82.245,16.722],[82.314,16.728],[82.287,16.705],[82.191,16.721]]]},"properties":{"name":"Andhra Pradesh","cartodb_id":2,"created_at":"2015-07-02T08:55:51Z","updated_at":"2015-07-02T08:55:51Z"}},
{"type":"Feature","geometry":{"type":"Polygon","coordinates":[[[93.474,25.309],[93.452,25.344],[93.477,25.386],[93.457,25.442],[93.39,25.469],[93.327,25.547],[93.359,25.555],[93.427,25.632],[93.5,25.657],[93.543,25.702],[93.547,25.735],[93.704,25.848],[93.702,25.929],[93.75,25.94],[93.777,25.973],[93.796,25.814],[93.842,25.863],[93.883,25.846],[93.983,25.926],[93.955,26.007],[93.991,26.073],[94.005,26.173],[94.108,26.327],[94.175,26.344],[94.186,26.46],[94.282,26.563],[94.294,26.481],[94.317,26.463],[94.399,26.532],[94.41,26.616],[94.463,26.636],[94.464,26.668],[94.545,26.711],[94.575,26.691],[94.61,26.74],[94.623,26.719],[94.686,26.732],[94.806,26.812],[94.886,26.933],[94.928,26.952],[94.986,26.918],[95.021,26.925],[95.11,26.967],[95.195,27.043],[95.248,27.03],[95.313,27.087],[95.459,27.134],[95.461,27.212],[95.511,27.266],[95.535,27.271],[95.59,27.23],[95.806,27.292],[95.86,27.294],[95.872,27.267],[95.898,27.264],[95.906,27.292],[96.018,27.368],[95.978,27.435],[95.917,27.443],[95.893,27.406],[95.888,27.444],[95.868,27.417],[95.849,27.43],[95.89,27.506],[95.881,27.553],[95.798,27.608],[95.801,27.649],[95.778,27.673],[95.797,27.688],[95.758,27.731],[95.927,27.887],[95.978,27.969],[95.826,27.977],[95.607,27.958],[95.516,27.882],[95.384,27.842],[95.317,27.871],[95.031,27.775],[94.861,27.739],[94.849,27.71],[94.756,27.666],[94.721,27.67],[94.46,27.557],[94.431,27.603],[94.356,27.578],[94.298,27.604],[94.276,27.593],[94.252,27.641],[94.211,27.611],[94.26,27.524],[94.157,27.478],[94.061,27.363],[94,27.334],[93.901,27.242],[93.798,27.136],[93.826,27.12],[93.835,27.075],[93.773,27.062],[93.676,26.971],[93.489,26.938],[93.348,26.963],[93.019,26.917],[92.873,27.008],[92.659,27.038],[92.646,26.987],[92.585,26.962],[92.46,26.963],[92.4,26.926],[92.353,26.936],[92.276,26.902],[92.116,26.894],[92.057,26.85],[91.987,26.861],[91.894,26.92],[91.724,26.814],[91.63,26.823],[91.502,26.793],[91.414,26.841],[91.38,26.794],[91.341,26.782],[91.24,26.814],[91.102,26.824],[91.056,26.781],[90.7,26.769],[90.547,26.817],[90.418,26.905],[90.355,26.901],[90.302,26.85],[90.248,26.86],[90.2,26.835],[90.191,26.768],[89.969,26.722],[89.861,26.737],[89.863,26.703],[89.876,26.649],[89.857,26.624],[89.878,26.584],[89.853,26.488],[89.87,26.448],[89.827,26.397],[89.847,26.403],[89.857,26.384],[89.75,26.322],[89.757,26.289],[89.716,26.302],[89.738,26.271],[89.701,26.261],[89.729,26.238],[89.697,26.217],[89.731,26.215],[89.712,26.203],[89.706,26.173],[89.734,26.175],[89.719,26.166],[89.779,26.089],[89.775,26.047],[89.812,25.993],[89.856,25.988],[89.821,25.947],[89.866,25.936],[89.807,25.823],[89.82,25.726],[89.865,25.634],[89.822,25.348],[89.84,25.438],[89.88,25.488],[89.87,25.544],[90.002,25.584],[90.019,25.608],[89.947,25.659],[89.895,25.744],[89.933,25.744],[89.955,25.774],[89.944,25.824],[90.008,25.847],[90.022,25.865],[90.005,25.879],[90.119,25.961],[90.183,25.944],[90.324,25.975],[90.365,26.01],[90.396,26.014],[90.429,25.989],[90.477,26.015],[90.535,25.958],[90.513,25.896],[90.579,25.958],[90.629,25.938],[90.606,25.912],[90.625,25.899],[90.686,25.951],[90.747,25.957],[90.741,25.915],[90.778,25.908],[90.81,25.952],[90.837,25.938],[90.883,25.952],[90.919,25.913],[90.916,25.943],[90.943,25.947],[90.968,25.887],[91.029,25.888],[91.001,25.822],[91.049,25.849],[91.079,25.853],[91.05,25.829],[91.063,25.82],[91.196,25.859],[91.18,25.776],[91.192,25.73],[91.224,25.723],[91.276,25.747],[91.333,25.839],[91.419,25.855],[91.444,25.841],[91.526,25.873],[91.526,25.89],[91.477,25.869],[91.531,25.924],[91.501,25.921],[91.576,26.033],[91.632,26.022],[91.638,25.965],[91.611,25.94],[91.669,25.905],[91.72,25.954],[91.731,26.059],[91.82,26.119],[91.876,26.098],[91.869,26.057],[91.919,26],[91.991,26.041],[92.053,26.033],[92.133,26.046],[92.178,26.079],[92.241,26.062],[92.296,26.079],[92.156,25.943],[92.16,25.915],[92.225,25.901],[92.18,25.87],[92.153,25.813],[92.16,25.673],[92.229,25.716],[92.334,25.725],[92.385,25.753],[92.433,25.732],[92.432,25.691],[92.465,25.682],[92.502,25.623],[92.558,25.612],[92.572,25.56],[92.603,25.558],[92.648,25.592],[92.661,25.571],[92.637,25.529],[92.567,25.467],[92.598,25.472],[92.609,25.417],[92.654,25.435],[92.66,25.41],[92.737,25.381],[92.761,25.335],[92.784,25.332],[92.792,25.285],[92.765,25.249],[92.804,25.22],[92.667,25.177],[92.621,25.118],[92.525,25.14],[92.543,25.1],[92.485,25.108],[92.463,25.037],[92.41,25.025],[92.416,24.978],[92.481,24.937],[92.497,24.889],[92.389,24.858],[92.294,24.905],[92.251,24.9],[92.257,24.774],[92.169,24.544],[92.231,24.504],[92.231,24.46],[92.273,24.389],[92.213,24.249],[92.297,24.252],[92.423,24.253],[92.437,24.151],[92.481,24.141],[92.486,24.162],[92.533,24.181],[92.551,24.246],[92.612,24.253],[92.624,24.333],[92.691,24.355],[92.765,24.521],[92.833,24.377],[92.863,24.399],[92.906,24.395],[92.911,24.413],[92.936,24.396],[93.001,24.403],[93.039,24.411],[93.036,24.497],[93.073,24.561],[93.061,24.575],[93.107,24.583],[93.075,24.596],[93.105,24.675],[93.076,24.711],[93.107,24.742],[93.11,24.81],[93.123,24.82],[93.153,24.79],[93.193,24.806],[93.197,24.856],[93.262,24.951],[93.249,25.019],[93.268,25.05],[93.305,25.048],[93.336,25.096],[93.389,25.246],[93.474,25.309]]]},"properties":{"name":"Assam","cartodb_id":3,"created_at":"2015-07-02T08:55:51Z","updated_at":"2015-07-02T08:55:51Z"}},
{"type":"Feature","geometry":{"type":"Polygon","coordinates":[[[87.788,25.22],[87.837,25.199],[87.823,25.234],[87.856,25.283],[87.784,25.332],[87.789,25.372],[87.759,25.405],[87.787,25.449],[87.809,25.434],[87.834,25.464],[87.863,25.465],[87.879,25.516],[87.899,25.505],[87.914,25.531],[87.956,25.538],[87.988,25.524],[87.993,25.498],[88.007,25.51],[88.046,25.483],[88.07,25.48],[88.073,25.504],[88.036,25.537],[88.021,25.587],[88.054,25.633],[88.036,25.637],[88.048,25.69],[87.961,25.725],[87.933,25.771],[87.899,25.77],[87.911,25.815],[87.883,25.829],[87.911,25.852],[87.823,25.872],[87.804,25.914],[87.83,25.935],[87.842,26.045],[87.913,26.091],[87.931,26.069],[87.972,26.085],[87.954,26.103],[87.976,26.122],[87.957,26.129],[87.964,26.152],[88.013,26.141],[88.037,26.178],[88.07,26.176],[88.144,26.253],[88.214,26.282],[88.292,26.354],[88.267,26.381],[88.238,26.376],[88.229,26.39],[88.268,26.418],[88.215,26.466],[88.226,26.476],[88.194,26.472],[88.179,26.491],[88.234,26.533],[88.231,26.552],[88.168,26.537],[88.145,26.511],[88.1,26.539],[88.092,26.429],[88.035,26.392],[88.03,26.365],[87.996,26.366],[87.992,26.393],[87.926,26.418],[87.926,26.445],[87.891,26.473],[87.843,26.439],[87.788,26.467],[87.759,26.409],[87.677,26.436],[87.669,26.406],[87.605,26.381],[87.464,26.44],[87.368,26.408],[87.341,26.348],[87.312,26.372],[87.266,26.374],[87.261,26.409],[87.162,26.404],[87.091,26.45],[87.071,26.586],[87.045,26.587],[87.015,26.532],[86.931,26.518],[86.828,26.439],[86.766,26.45],[86.743,26.423],[86.569,26.496],[86.541,26.538],[86.333,26.619],[86.252,26.615],[86.217,26.589],[86.191,26.615],[86.136,26.606],[86.139,26.629],[86.027,26.668],[85.956,26.65],[85.945,26.613],[85.851,26.569],[85.849,26.609],[85.817,26.604],[85.731,26.667],[85.729,26.808],[85.634,26.872],[85.589,26.85],[85.575,26.861],[85.454,26.782],[85.408,26.791],[85.334,26.742],[85.212,26.758],[85.177,26.81],[85.191,26.87],[85.024,26.854],[85.061,26.886],[84.969,26.916],[84.962,26.961],[84.856,26.985],[84.825,27.021],[84.793,26.996],[84.773,27.018],[84.757,27.003],[84.643,27.046],[84.675,27.097],[84.691,27.215],[84.619,27.339],[84.294,27.385],[84.254,27.453],[84.208,27.443],[84.206,27.47],[84.149,27.486],[84.151,27.517],[84.108,27.522],[84.027,27.433],[83.847,27.445],[83.833,27.426],[83.885,27.376],[83.858,27.35],[83.829,27.323],[83.855,27.311],[83.908,27.33],[83.924,27.317],[83.902,27.252],[83.955,27.235],[83.976,27.203],[83.985,27.182],[83.941,27.09],[84.021,27.095],[83.991,27.069],[84.041,27.045],[84.047,26.962],[84.025,26.943],[84.048,26.932],[84.052,26.892],[84.141,26.888],[84.132,26.855],[84.169,26.835],[84.209,26.871],[84.241,26.863],[84.252,26.809],[84.234,26.74],[84.248,26.729],[84.298,26.753],[84.326,26.684],[84.402,26.671],[84.414,26.627],[84.272,26.599],[84.082,26.643],[84.083,26.599],[84.043,26.541],[83.974,26.532],[83.963,26.508],[83.902,26.518],[83.902,26.45],[83.982,26.434],[84.011,26.448],[84.072,26.384],[84.171,26.374],[84.182,26.317],[84.157,26.244],[84.113,26.262],[84.079,26.221],[84.005,26.234],[84.024,26.22],[84.002,26.19],[84.028,26.163],[84.018,26.145],[84.049,26.099],[84.091,26.096],[84.167,26.025],[84.166,25.992],[84.202,26],[84.296,25.947],[84.351,25.959],[84.408,25.931],[84.423,25.893],[84.529,25.878],[84.527,25.834],[84.557,25.838],[84.62,25.794],[84.6,25.761],[84.631,25.728],[84.556,25.736],[84.552,25.684],[84.531,25.693],[84.536,25.727],[84.525,25.684],[84.488,25.678],[84.449,25.715],[84.402,25.699],[84.38,25.748],[84.331,25.744],[84.318,25.672],[84.284,25.677],[84.285,25.662],[84.203,25.67],[84.194,25.703],[84.148,25.731],[84.095,25.72],[84.07,25.695],[84.076,25.637],[83.921,25.562],[83.851,25.474],[83.81,25.466],[83.839,25.437],[83.794,25.432],[83.799,25.411],[83.762,25.388],[83.732,25.41],[83.695,25.396],[83.675,25.378],[83.689,25.371],[83.65,25.368],[83.622,25.33],[83.535,25.315],[83.46,25.252],[83.409,25.249],[83.388,25.207],[83.35,25.199],[83.336,25.183],[83.357,25.124],[83.316,25.027],[83.344,25.01],[83.354,24.871],[83.39,24.833],[83.387,24.784],[83.453,24.733],[83.48,24.738],[83.481,24.706],[83.513,24.683],[83.497,24.652],[83.542,24.625],[83.498,24.527],[83.717,24.505],[83.868,24.533],[83.933,24.552],[83.992,24.638],[84.047,24.612],[84.11,24.481],[84.146,24.54],[84.179,24.51],[84.188,24.555],[84.218,24.535],[84.235,24.553],[84.257,24.531],[84.28,24.552],[84.269,24.564],[84.293,24.566],[84.327,24.503],[84.294,24.481],[84.293,24.451],[84.331,24.431],[84.315,24.423],[84.336,24.396],[84.382,24.39],[84.422,24.359],[84.417,24.331],[84.455,24.339],[84.493,24.287],[84.525,24.34],[84.521,24.376],[84.566,24.384],[84.572,24.412],[84.658,24.394],[84.679,24.456],[84.795,24.53],[84.833,24.512],[84.835,24.452],[84.88,24.463],[84.898,24.372],[84.948,24.372],[84.991,24.412],[85.058,24.417],[85.076,24.44],[85.066,24.387],[85.092,24.381],[85.169,24.43],[85.153,24.464],[85.282,24.497],[85.288,24.528],[85.495,24.55],[85.518,24.525],[85.537,24.565],[85.568,24.565],[85.577,24.603],[85.665,24.582],[85.649,24.687],[85.697,24.713],[85.737,24.823],[85.811,24.794],[85.864,24.806],[85.928,24.74],[85.966,24.732],[86.051,24.78],[86.039,24.741],[86.086,24.746],[86.124,24.705],[86.133,24.604],[86.195,24.585],[86.218,24.612],[86.264,24.576],[86.323,24.584],[86.304,24.558],[86.313,24.509],[86.279,24.462],[86.351,24.444],[86.452,24.369],[86.466,24.422],[86.489,24.425],[86.506,24.517],[86.547,24.535],[86.609,24.608],[86.669,24.561],[86.731,24.576],[86.751,24.618],[86.777,24.62],[86.806,24.595],[86.8,24.565],[86.855,24.55],[86.876,24.567],[86.911,24.539],[86.898,24.587],[86.93,24.643],[87.05,24.607],[87.097,24.802],[87.078,24.822],[87.115,24.856],[87.151,24.858],[87.144,25.018],[87.211,25.09],[87.251,25.106],[87.291,25.089],[87.323,25.223],[87.37,25.205],[87.392,25.228],[87.472,25.195],[87.473,25.241],[87.496,25.262],[87.482,25.295],[87.54,25.282],[87.548,25.331],[87.58,25.348],[87.6,25.315],[87.684,25.31],[87.708,25.257],[87.783,25.246],[87.788,25.22]]]},"properties":{"name":"Bihar","cartodb_id":4,"created_at":"2015-07-02T08:55:51Z","updated_at":"2015-07-02T08:55:51Z"}},
{"type":"Feature","geometry":{"type":"MultiPolygon","coordinates":[[[[72.471,8.089],[72.495,7.995],[72.561,7.924],[72.653,7.891],[72.748,7.904],[72.852,7.996],[72.871,8.133],[72.946,8.085],[73.04,8.066],[73.121,8.08],[73.191,8.125],[73.243,8.188],[73.274,8.273],[73.267,8.399],[73.215,8.473],[73.136,8.517],[73.049,8.523],[72.943,8.49],[72.881,8.453],[72.834,8.393],[72.814,8.235],[72.709,8.287],[72.592,8.273],[72.503,8.198],[72.471,8.089]]],[[[71.511,11.854],[71.948,9.767],[72,9.704],[72.102,9.681],[73.849,9.866],[73.96,9.916],[73.99,10.019],[74.025,11.084],[74,11.142],[71.848,12.645],[71.787,12.626],[71.729,12.538],[71.511,11.919],[71.511,11.854]]]]},"properties":{"name":"Lakshadweep","cartodb_id":18,"created_at":"2015-07-02T08:55:51Z","updated_at":"2015-07-02T08:55:51Z"}}
]}